,player,team,week,opp,loc,res,rush_attempts,rush_yards,yards_per_rush,rush_TD,targets,receptions,rec_yards,yards_per_rec,rec_TD,fantasy_points
1,Ameer_Abdullah,DET,1.0,IND,away,W 39-35,12.0,63.0,5.3,0.0,5.0,5.0,57.0,11.4,1.0,20.5
2,Ameer_Abdullah,DET,2.0,TEN,home,L 15-16,6.0,38.0,6.3,0.0,0.0,0.0,0.0,,0.0,3.8
4,Jay_Ajayi,MIA,2.0,NE,away,L 24-31,5.0,14.0,2.8,0.0,4.0,4.0,31.0,7.8,0.0,4.5
5,Jay_Ajayi,MIA,3.0,CLE,home,W 30-24,7.0,28.0,4.0,1.0,0.0,0.0,0.0,,0.0,8.8
6,Jay_Ajayi,MIA,4.0,CIN,away,L 7-22,6.0,33.0,5.5,0.0,2.0,2.0,13.0,6.5,0.0,5.6
7,Jay_Ajayi,MIA,5.0,TEN,home,L 17-30,13.0,42.0,3.2,1.0,1.0,0.0,0.0,,0.0,10.2
8,Jay_Ajayi,MIA,6.0,PIT,home,W 30-15,25.0,204.0,8.2,2.0,2.0,1.0,3.0,3.0,0.0,33.2
9,Jay_Ajayi,MIA,7.0,BUF,home,W 28-25,28.0,214.0,7.6,1.0,1.0,1.0,2.0,2.0,0.0,28.1
11,Javorius_Allen,BAL,4.0,OAK,home,L 27-28,3.0,13.0,4.3,0.0,3.0,2.0,15.0,7.5,0.0,3.8
12,Javorius_Allen,BAL,5.0,WAS,home,L 10-16,4.0,18.0,4.5,0.0,1.0,1.0,0.0,0.0,0.0,2.3
14,C.J._Anderson,DEN,1.0,CAR,home,W 21-20,20.0,92.0,4.6,1.0,5.0,4.0,47.0,11.8,1.0,27.9
15,C.J._Anderson,DEN,2.0,IND,home,W 34-20,20.0,74.0,3.7,1.0,5.0,3.0,19.0,6.3,0.0,16.8
16,C.J._Anderson,DEN,3.0,CIN,away,W 29-17,14.0,37.0,2.6,0.0,4.0,1.0,4.0,4.0,0.0,4.6
17,C.J._Anderson,DEN,4.0,TB,away,W 27-7,19.0,49.0,2.6,1.0,1.0,1.0,3.0,3.0,0.0,11.7
18,C.J._Anderson,DEN,5.0,ATL,home,L 16-23,11.0,41.0,3.7,0.0,4.0,3.0,21.0,7.0,0.0,7.7
19,C.J._Anderson,DEN,6.0,SD,away,L 13-21,10.0,37.0,3.7,0.0,5.0,4.0,34.0,8.5,0.0,9.1
20,C.J._Anderson,DEN,7.0,HOU,home,W 27-9,16.0,107.0,6.7,1.0,0.0,0.0,0.0,,0.0,16.7
22,Cameron_Artis-Payne,CAR,3.0,MIN,home,L 10-22,12.0,47.0,3.9,0.0,1.0,1.0,11.0,11.0,0.0,6.3
23,Cameron_Artis-Payne,CAR,4.0,ATL,away,L 33-48,6.0,12.0,2.0,0.0,0.0,0.0,0.0,,0.0,1.2
24,Cameron_Artis-Payne,CAR,5.0,TB,home,L 14-17,18.0,85.0,4.7,2.0,0.0,0.0,0.0,,0.0,20.5
26,Matt_Asiata,MIN,1.0,TEN,away,W 25-16,4.0,13.0,3.3,0.0,0.0,0.0,0.0,,0.0,1.3
27,Matt_Asiata,MIN,2.0,GB,home,W 17-14,6.0,14.0,2.3,0.0,1.0,1.0,11.0,11.0,0.0,3.0
28,Matt_Asiata,MIN,3.0,CAR,away,W 22-10,6.0,15.0,2.5,0.0,1.0,1.0,4.0,4.0,0.0,2.4
29,Matt_Asiata,MIN,4.0,NYG,home,W 24-10,6.0,6.0,1.0,1.0,2.0,2.0,12.0,6.0,0.0,8.8
30,Matt_Asiata,MIN,5.0,HOU,home,W 31-13,14.0,55.0,3.9,1.0,3.0,3.0,46.0,15.3,0.0,17.6
31,Matt_Asiata,MIN,7.0,PHI,away,L 10-21,12.0,55.0,4.6,0.0,8.0,6.0,25.0,4.2,0.0,11.0
32,Kenjon_Barner,PHI,1.0,CLE,home,W 29-10,4.0,42.0,10.5,0.0,0.0,0.0,0.0,,0.0,4.2
33,Kenjon_Barner,PHI,2.0,CHI,away,W 29-14,2.0,2.0,1.0,0.0,0.0,0.0,0.0,,0.0,0.2
34,Kenjon_Barner,PHI,3.0,PIT,home,W 34-3,8.0,42.0,5.3,1.0,0.0,0.0,0.0,,0.0,10.2
35,Kenjon_Barner,PHI,6.0,WAS,away,L 20-27,2.0,6.0,3.0,0.0,0.0,0.0,0.0,,0.0,0.6
37,Le'Veon_Bell,PIT,4.0,KC,home,W 43-14,18.0,144.0,8.0,0.0,6.0,5.0,34.0,6.8,0.0,20.3
38,Le'Veon_Bell,PIT,5.0,NYJ,home,W 31-13,20.0,66.0,3.3,0.0,11.0,9.0,88.0,9.8,0.0,19.9
39,Le'Veon_Bell,PIT,6.0,MIA,away,L 15-30,10.0,53.0,5.3,0.0,7.0,6.0,55.0,9.2,0.0,13.8
40,Le'Veon_Bell,PIT,7.0,NE,home,L 16-27,21.0,81.0,3.9,0.0,13.0,10.0,68.0,6.8,0.0,19.9
41,Giovani_Bernard,CIN,1.0,NYJ,away,W 23-22,5.0,25.0,5.0,0.0,4.0,2.0,5.0,2.5,0.0,4.0
42,Giovani_Bernard,CIN,2.0,PIT,away,L 16-24,5.0,17.0,3.4,0.0,11.0,9.0,100.0,11.1,1.0,20.2
43,Giovani_Bernard,CIN,3.0,DEN,home,L 17-29,5.0,8.0,1.6,0.0,5.0,5.0,36.0,7.2,0.0,6.9
44,Giovani_Bernard,CIN,4.0,MIA,home,W 22-7,10.0,18.0,1.8,0.0,4.0,3.0,24.0,8.0,0.0,5.7
45,Giovani_Bernard,CIN,5.0,DAL,away,L 14-28,9.0,50.0,5.6,0.0,6.0,6.0,46.0,7.7,0.0,12.6
46,Giovani_Bernard,CIN,6.0,NE,away,L 17-35,15.0,49.0,3.3,0.0,5.0,4.0,45.0,11.3,0.0,11.4
47,Giovani_Bernard,CIN,7.0,CLE,home,W 31-17,17.0,80.0,4.7,1.0,2.0,1.0,7.0,7.0,0.0,15.2
49,LeGarrette_Blount,NE,1.0,ARI,away,W 23-21,22.0,70.0,3.2,1.0,0.0,0.0,0.0,,0.0,11.0
50,LeGarrette_Blount,NE,2.0,MIA,home,W 31-24,29.0,123.0,4.2,1.0,0.0,0.0,0.0,,0.0,18.3
51,LeGarrette_Blount,NE,3.0,HOU,home,W 27-0,24.0,105.0,4.4,2.0,0.0,0.0,0.0,,0.0,22.5
52,LeGarrette_Blount,NE,4.0,BUF,home,L 0-16,13.0,54.0,4.2,0.0,3.0,3.0,4.0,1.3,0.0,7.3
53,LeGarrette_Blount,NE,5.0,CLE,away,W 33-13,18.0,37.0,2.1,1.0,0.0,0.0,0.0,,0.0,9.7
54,LeGarrette_Blount,NE,6.0,CIN,home,W 35-17,13.0,50.0,3.8,1.0,2.0,2.0,20.0,10.0,0.0,14.0
55,LeGarrette_Blount,NE,7.0,PIT,away,W 27-16,24.0,127.0,5.3,2.0,1.0,1.0,7.0,7.0,0.0,25.9
57,Alfred_Blue,HOU,1.0,CHI,home,W 23-14,1.0,4.0,4.0,0.0,0.0,0.0,0.0,,0.0,0.4
58,Alfred_Blue,HOU,2.0,KC,home,W 19-12,5.0,11.0,2.2,0.0,0.0,0.0,0.0,,0.0,1.1
59,Alfred_Blue,HOU,3.0,NE,away,L 0-27,2.0,12.0,6.0,0.0,0.0,0.0,0.0,,0.0,1.2
60,Alfred_Blue,HOU,4.0,TEN,home,W 27-20,3.0,19.0,6.3,0.0,1.0,1.0,4.0,4.0,0.0,2.8
61,Alfred_Blue,HOU,5.0,MIN,away,L 13-31,6.0,39.0,6.5,0.0,0.0,0.0,0.0,,0.0,3.9
62,Alfred_Blue,HOU,6.0,IND,home,W 26-23,2.0,13.0,6.5,0.0,0.0,0.0,0.0,,0.0,1.3
63,Alfred_Blue,HOU,7.0,DEN,away,L 9-27,11.0,63.0,5.7,0.0,3.0,0.0,0.0,,0.0,4.3
65,Brandon_Bolden,NE,1.0,ARI,away,W 23-21,1.0,4.0,4.0,0.0,0.0,0.0,0.0,,0.0,0.4
66,Brandon_Bolden,NE,4.0,BUF,home,L 0-16,0.0,0.0,,0.0,3.0,2.0,15.0,7.5,0.0,2.5
67,Brandon_Bolden,NE,7.0,PIT,away,W 27-16,0.0,0.0,,0.0,1.0,0.0,0.0,,0.0,0.0
69,Devontae_Booker,DEN,1.0,CAR,home,W 21-20,3.0,8.0,2.7,0.0,0.0,0.0,0.0,,0.0,0.8
70,Devontae_Booker,DEN,2.0,IND,home,W 34-20,9.0,46.0,5.1,0.0,1.0,1.0,5.0,5.0,0.0,5.6
71,Devontae_Booker,DEN,3.0,CIN,away,W 29-17,4.0,8.0,2.0,0.0,1.0,1.0,17.0,17.0,0.0,3.0
72,Devontae_Booker,DEN,4.0,TB,away,W 27-7,7.0,30.0,4.3,0.0,1.0,0.0,0.0,,0.0,3.0
73,Devontae_Booker,DEN,5.0,ATL,home,L 16-23,6.0,23.0,3.8,0.0,6.0,4.0,36.0,9.0,0.0,7.9
74,Devontae_Booker,DEN,6.0,SD,away,L 13-21,5.0,46.0,9.2,0.0,2.0,2.0,7.0,3.5,0.0,6.3
75,Devontae_Booker,DEN,7.0,HOU,home,W 27-9,17.0,83.0,4.9,1.0,2.0,1.0,4.0,4.0,0.0,15.2
76,Malcolm_Brown,LAR,1.0,SF,away,L 0-28,1.0,5.0,5.0,0.0,1.0,1.0,8.0,8.0,0.0,1.8
77,Malcolm_Brown,LAR,5.0,BUF,home,L 19-30,2.0,2.0,1.0,0.0,1.0,1.0,26.0,26.0,0.0,3.3
78,Rex_Burkhead,CIN,6.0,NE,away,L 17-35,2.0,16.0,8.0,0.0,0.0,0.0,0.0,,0.0,1.6
79,Rex_Burkhead,CIN,7.0,CLE,home,W 31-17,4.0,23.0,5.8,0.0,1.0,1.0,10.0,10.0,0.0,3.8
81,Reggie_Bush,BUF,1.0,BAL,away,L 7-13,3.0,-4.0,-1.3,0.0,1.0,0.0,0.0,,0.0,-0.4
82,Reggie_Bush,BUF,5.0,LAR,away,W 30-19,1.0,3.0,3.0,0.0,0.0,0.0,0.0,,0.0,0.3
83,Reggie_Bush,BUF,6.0,SF,home,W 45-16,2.0,6.0,3.0,0.0,0.0,0.0,0.0,,0.0,0.6
84,Reggie_Bush,BUF,7.0,MIA,away,L 25-28,1.0,1.0,1.0,1.0,2.0,1.0,13.0,13.0,0.0,7.9
86,Travaris_Cadet,NO,2.0,BUF,away,W 40-32,0.0,0.0,,0.0,1.0,1.0,2.0,2.0,0.0,0.7
87,Travaris_Cadet,NO,13.0,CHI,away,W 26-20,3.0,6.0,2.0,0.0,2.0,1.0,6.0,6.0,0.0,1.7
88,Travaris_Cadet,NO,14.0,CLE,away,L 10-24,2.0,6.0,3.0,0.0,2.0,2.0,28.0,14.0,0.0,4.4
89,Travaris_Cadet,NO,15.0,CIN,home,L 14-24,2.0,4.0,2.0,0.0,6.0,4.0,32.0,8.0,0.0,5.6
90,Travaris_Cadet,NO,16.0,JAC,home,W 38-27,1.0,6.0,6.0,0.0,5.0,3.0,69.0,23.0,1.0,15.0
91,Travaris_Cadet,NO,17.0,ATL,away,W 20-17,3.0,6.0,2.0,0.0,6.0,6.0,77.0,12.8,0.0,9.3
92,Ka'Deem_Carey,CHI,1.0,HOU,away,L 14-23,1.0,4.0,4.0,0.0,0.0,0.0,0.0,,0.0,0.4
93,Ka'Deem_Carey,CHI,2.0,PHI,home,L 14-29,2.0,3.0,1.5,0.0,1.0,1.0,3.0,3.0,0.0,1.1
94,Ka'Deem_Carey,CHI,5.0,IND,away,L 23-29,1.0,2.0,2.0,0.0,1.0,1.0,15.0,15.0,0.0,2.2
95,Ka'Deem_Carey,CHI,6.0,JAC,home,L 16-17,9.0,50.0,5.6,0.0,1.0,0.0,0.0,,0.0,5.0
96,Ka'Deem_Carey,CHI,7.0,GB,away,L 10-26,10.0,48.0,4.8,0.0,1.0,1.0,9.0,9.0,0.0,6.2
98,Jamaal_Charles,KC,4.0,PIT,away,L 14-43,2.0,7.0,3.5,0.0,1.0,0.0,0.0,,0.0,0.7
99,Jamaal_Charles,KC,6.0,OAK,away,W 26-10,9.0,33.0,3.7,1.0,2.0,2.0,14.0,7.0,0.0,11.7
100,Jamaal_Charles,KC,7.0,NO,home,W 27-21,1.0,0.0,0.0,0.0,0.0,0.0,0.0,,0.0,0.0
102,Tevin_Coleman,ATL,1.0,TB,home,L 24-31,8.0,22.0,2.8,0.0,6.0,5.0,95.0,19.0,0.0,14.2
103,Tevin_Coleman,ATL,2.0,OAK,away,W 35-28,12.0,46.0,3.8,1.0,2.0,2.0,25.0,12.5,0.0,14.1
104,Tevin_Coleman,ATL,3.0,NO,away,W 45-32,12.0,42.0,3.5,3.0,3.0,3.0,47.0,15.7,0.0,28.4
105,Tevin_Coleman,ATL,4.0,CAR,home,W 48-33,8.0,19.0,2.4,0.0,4.0,3.0,14.0,4.7,0.0,4.8
106,Tevin_Coleman,ATL,5.0,DEN,away,W 23-16,6.0,31.0,5.2,0.0,6.0,4.0,132.0,33.0,1.0,24.3
107,Tevin_Coleman,ATL,6.0,SEA,away,L 24-26,5.0,10.0,2.0,0.0,2.0,1.0,7.0,7.0,0.0,2.2
108,Tevin_Coleman,ATL,7.0,SD,home,L 30-33,8.0,64.0,8.0,1.0,1.0,1.0,10.0,10.0,0.0,13.9
109,Isaiah_Crowell,CLE,1.0,PHI,away,L 10-29,12.0,62.0,5.2,1.0,2.0,2.0,16.0,8.0,0.0,14.8
110,Isaiah_Crowell,CLE,2.0,BAL,home,L 20-25,18.0,133.0,7.4,1.0,1.0,1.0,15.0,15.0,0.0,21.3
111,Isaiah_Crowell,CLE,3.0,MIA,away,L 24-30,15.0,79.0,5.3,0.0,1.0,0.0,0.0,,0.0,7.9
112,Isaiah_Crowell,CLE,4.0,WAS,away,L 20-31,15.0,112.0,7.5,1.0,4.0,3.0,22.0,7.3,0.0,20.9
113,Isaiah_Crowell,CLE,5.0,NE,home,L 13-33,13.0,22.0,1.7,0.0,3.0,1.0,18.0,18.0,0.0,4.5
114,Isaiah_Crowell,CLE,6.0,TEN,away,L 26-28,9.0,16.0,1.8,0.0,2.0,2.0,20.0,10.0,0.0,4.6
115,Isaiah_Crowell,CLE,7.0,CIN,away,L 17-31,12.0,63.0,5.3,1.0,4.0,3.0,16.0,5.3,0.0,15.4
116,Benny_Cunningham,LAR,1.0,SF,away,L 0-28,1.0,1.0,1.0,0.0,1.0,1.0,7.0,7.0,0.0,1.3
117,Benny_Cunningham,LAR,2.0,SEA,home,W 9-3,1.0,2.0,2.0,0.0,2.0,1.0,7.0,7.0,0.0,1.4
118,Benny_Cunningham,LAR,3.0,TB,away,W 37-32,2.0,29.0,14.5,0.0,1.0,1.0,10.0,10.0,0.0,4.4
119,Benny_Cunningham,LAR,6.0,DET,away,L 28-31,2.0,9.0,4.5,0.0,2.0,2.0,14.0,7.0,0.0,3.3
120,Benny_Cunningham,LAR,7.0,NYG,home,L 10-17,3.0,4.0,1.3,0.0,1.0,1.0,5.0,5.0,0.0,1.4
122,Orleans_Darkwa,NYG,2.0,NO,home,W 16-13,1.0,-1.0,-1.0,0.0,1.0,1.0,3.0,3.0,0.0,0.7
123,Orleans_Darkwa,NYG,3.0,WAS,home,L 27-29,10.0,53.0,5.3,1.0,1.0,1.0,9.0,9.0,0.0,12.7
124,Orleans_Darkwa,NYG,4.0,MIN,away,L 10-24,12.0,48.0,4.0,1.0,2.0,0.0,0.0,,0.0,10.8
125,Orleans_Darkwa,NYG,5.0,GB,away,L 16-23,7.0,11.0,1.6,0.0,0.0,0.0,0.0,,0.0,1.1
127,Mike_Davis,SF,1.0,LAR,home,W 28-0,3.0,1.0,0.3,0.0,0.0,0.0,0.0,,0.0,0.1
128,Mike_Davis,SF,2.0,CAR,away,L 27-46,0.0,0.0,,0.0,1.0,1.0,10.0,10.0,0.0,1.5
129,Mike_Davis,SF,5.0,ARI,home,L 21-33,2.0,4.0,2.0,0.0,0.0,0.0,0.0,,0.0,0.4
130,Mike_Davis,SF,6.0,BUF,away,L 16-45,5.0,13.0,2.6,0.0,3.0,1.0,6.0,6.0,0.0,2.4
131,Mike_Davis,SF,7.0,TB,home,L 17-34,7.0,21.0,3.0,1.0,0.0,0.0,0.0,,0.0,8.1
132,Patrick_DiMarco,ATL,1.0,TB,home,L 24-31,0.0,0.0,,0.0,1.0,1.0,8.0,8.0,0.0,1.3
133,Patrick_DiMarco,ATL,4.0,CAR,home,W 48-33,0.0,0.0,,0.0,2.0,1.0,18.0,18.0,0.0,2.3
134,Patrick_DiMarco,ATL,5.0,DEN,away,W 23-16,0.0,0.0,,0.0,1.0,1.0,13.0,13.0,0.0,1.8
135,Patrick_DiMarco,ATL,6.0,SEA,away,L 24-26,0.0,0.0,,0.0,1.0,1.0,3.0,3.0,0.0,0.8
136,Patrick_DiMarco,ATL,7.0,SD,home,L 30-33,0.0,0.0,,0.0,1.0,1.0,3.0,3.0,0.0,0.8
138,Kenneth_Dixon,BAL,5.0,WAS,home,L 10-16,3.0,-1.0,-0.3,0.0,1.0,1.0,6.0,6.0,0.0,1.0
139,Kenneth_Dixon,BAL,6.0,NYG,away,L 23-27,2.0,11.0,5.5,0.0,2.0,1.0,1.0,1.0,0.0,1.7
140,Kenneth_Dixon,BAL,7.0,NYJ,away,L 16-24,1.0,0.0,0.0,0.0,1.0,1.0,-1.0,-1.0,0.0,0.4
142,Kenyan_Drake,MIA,2.0,NE,away,L 24-31,2.0,12.0,6.0,1.0,2.0,2.0,6.0,3.0,0.0,8.8
143,Kenyan_Drake,MIA,3.0,CLE,home,W 30-24,9.0,37.0,4.1,0.0,2.0,2.0,11.0,5.5,0.0,5.8
144,Kenyan_Drake,MIA,4.0,CIN,away,L 7-22,2.0,15.0,7.5,0.0,0.0,0.0,0.0,,0.0,1.5
145,Kenyan_Drake,MIA,5.0,TEN,home,L 17-30,2.0,4.0,2.0,0.0,3.0,2.0,16.0,8.0,0.0,3.0
147,Shaun_Draughn,SF,1.0,LAR,home,W 28-0,7.0,18.0,2.6,1.0,2.0,2.0,18.0,9.0,0.0,8.6
148,Shaun_Draughn,SF,2.0,CAR,away,L 27-46,9.0,21.0,2.3,0.0,1.0,0.0,0.0,,0.0,2.1
149,Shaun_Draughn,SF,3.0,SEA,away,L 18-37,5.0,10.0,2.0,0.0,2.0,1.0,2.0,2.0,0.0,1.7
150,Shaun_Draughn,SF,4.0,DAL,home,L 17-24,2.0,5.0,2.5,0.0,1.0,1.0,3.0,3.0,0.0,1.3
151,Shaun_Draughn,SF,5.0,ARI,home,L 21-33,2.0,-1.0,-0.5,0.0,0.0,0.0,0.0,,0.0,-0.1
152,Shaun_Draughn,SF,6.0,BUF,away,L 16-45,1.0,2.0,2.0,0.0,1.0,0.0,0.0,,0.0,0.2
153,Shaun_Draughn,SF,7.0,TB,home,L 17-34,1.0,16.0,16.0,0.0,7.0,5.0,37.0,7.4,1.0,13.8
154,Lance_Dunbar,DAL,1.0,NYG,home,L 19-20,0.0,0.0,,0.0,2.0,1.0,16.0,16.0,0.0,2.1
155,Lance_Dunbar,DAL,2.0,WAS,away,W 27-23,3.0,6.0,2.0,0.0,2.0,2.0,26.0,13.0,0.0,4.2
156,Lance_Dunbar,DAL,3.0,CHI,home,W 31-17,1.0,1.0,1.0,1.0,0.0,0.0,0.0,,0.0,6.1
157,Lance_Dunbar,DAL,4.0,SF,away,W 24-17,1.0,2.0,2.0,0.0,2.0,2.0,14.0,7.0,0.0,2.6
159,Andre_Ellington,ARI,1.0,NE,home,L 21-23,0.0,0.0,,0.0,2.0,2.0,8.0,4.0,0.0,1.8
160,Andre_Ellington,ARI,2.0,TB,home,W 40-7,1.0,2.0,2.0,0.0,1.0,1.0,9.0,9.0,0.0,1.6
161,Andre_Ellington,ARI,4.0,LAR,home,L 13-17,1.0,0.0,0.0,0.0,1.0,1.0,4.0,4.0,0.0,0.9
162,Andre_Ellington,ARI,5.0,SF,away,W 33-21,6.0,19.0,3.2,0.0,0.0,0.0,0.0,,0.0,1.9
163,Andre_Ellington,ARI,6.0,NYJ,home,W 28-3,5.0,25.0,5.0,0.0,0.0,0.0,0.0,,0.0,2.5
164,Andre_Ellington,ARI,7.0,SEA,home,T 6-6,2.0,7.0,3.5,0.0,1.0,0.0,0.0,,0.0,0.7
166,Ezekiel_Elliott,DAL,1.0,NYG,home,L 19-20,20.0,51.0,2.6,1.0,2.0,1.0,1.0,1.0,0.0,11.7
167,Ezekiel_Elliott,DAL,2.0,WAS,away,W 27-23,21.0,83.0,4.0,1.0,2.0,2.0,4.0,2.0,0.0,13.7
168,Ezekiel_Elliott,DAL,3.0,CHI,home,W 31-17,30.0,140.0,4.7,0.0,2.0,2.0,20.0,10.0,0.0,17.0
169,Ezekiel_Elliott,DAL,4.0,SF,away,W 24-17,23.0,138.0,6.0,1.0,1.0,1.0,19.0,19.0,0.0,22.2
170,Ezekiel_Elliott,DAL,5.0,CIN,home,W 28-14,15.0,134.0,8.9,2.0,4.0,3.0,37.0,12.3,0.0,30.6
171,Ezekiel_Elliott,DAL,6.0,GB,away,W 30-16,28.0,157.0,5.6,0.0,4.0,2.0,17.0,8.5,0.0,18.4
172,Tyler_Ervin,HOU,1.0,CHI,home,W 23-14,1.0,3.0,3.0,0.0,2.0,1.0,5.0,5.0,0.0,1.3
173,Tyler_Ervin,HOU,3.0,NE,away,L 0-27,0.0,0.0,,0.0,0.0,0.0,0.0,,0.0,-2.0
174,Tyler_Ervin,HOU,6.0,IND,home,W 26-23,0.0,0.0,,0.0,2.0,1.0,4.0,4.0,0.0,0.9
175,Tyler_Ervin,HOU,7.0,DEN,away,L 9-27,0.0,0.0,,0.0,1.0,1.0,9.0,9.0,0.0,1.4
177,Justin_Forsett,DET,1.0,BUF,home,W 13-7,10.0,41.0,4.1,0.0,3.0,3.0,15.0,5.0,0.0,7.1
178,Justin_Forsett,DET,2.0,CLE,away,W 25-20,14.0,37.0,2.6,0.0,5.0,3.0,9.0,3.0,0.0,6.1
179,Justin_Forsett,DET,3.0,JAC,away,W 19-17,7.0,20.0,2.9,0.0,7.0,6.0,12.0,2.0,0.0,6.2
180,Justin_Forsett,DET,6.0,LAR,home,W 31-28,5.0,5.0,1.0,0.0,1.0,0.0,0.0,,0.0,0.5
181,Justin_Forsett,DET,7.0,WAS,home,W 20-17,8.0,33.0,4.1,0.0,2.0,2.0,15.0,7.5,0.0,5.8
183,Matt_Forte,NYJ,1.0,CIN,home,L 22-23,22.0,96.0,4.4,0.0,7.0,5.0,59.0,11.8,0.0,18.0
184,Matt_Forte,NYJ,2.0,BUF,away,W 37-31,30.0,100.0,3.3,3.0,3.0,2.0,9.0,4.5,0.0,29.9
185,Matt_Forte,NYJ,3.0,KC,away,L 3-24,15.0,65.0,4.3,0.0,4.0,2.0,-1.0,-0.5,0.0,7.4
186,Matt_Forte,NYJ,4.0,SEA,home,L 17-27,14.0,27.0,1.9,0.0,3.0,2.0,16.0,8.0,0.0,5.3
187,Matt_Forte,NYJ,5.0,PIT,away,L 13-31,12.0,53.0,4.4,0.0,2.0,2.0,7.0,3.5,0.0,7.0
188,Matt_Forte,NYJ,6.0,ARI,away,L 3-28,9.0,19.0,2.1,0.0,3.0,1.0,3.0,3.0,0.0,2.7
189,Matt_Forte,NYJ,7.0,BAL,home,W 24-16,30.0,100.0,3.3,1.0,4.0,4.0,54.0,13.5,1.0,27.4
191,Arian_Foster,MIA,1.0,SEA,away,L 10-12,13.0,38.0,2.9,0.0,5.0,3.0,62.0,20.7,0.0,11.5
192,Arian_Foster,MIA,2.0,NE,away,L 24-31,3.0,9.0,3.0,0.0,0.0,0.0,0.0,,0.0,0.9
193,Arian_Foster,MIA,6.0,PIT,home,W 30-15,3.0,3.0,1.0,0.0,2.0,2.0,12.0,6.0,0.0,2.5
194,Arian_Foster,MIA,7.0,BUF,home,W 28-25,3.0,5.0,1.7,0.0,3.0,1.0,4.0,4.0,0.0,1.4
195,D.J._Foster,NE,2.0,MIA,home,W 31-24,1.0,7.0,7.0,0.0,2.0,1.0,2.0,2.0,0.0,1.4
196,D.J._Foster,NE,5.0,CLE,away,W 33-13,6.0,17.0,2.8,0.0,0.0,0.0,0.0,,0.0,1.7
198,Jalston_Fowler,TEN,2.0,CLE,away,L 14-28,1.0,3.0,3.0,0.0,1.0,1.0,19.0,19.0,0.0,2.7
199,Jalston_Fowler,TEN,3.0,IND,home,L 33-35,4.0,9.0,2.3,1.0,0.0,0.0,0.0,,0.0,6.9
200,Jalston_Fowler,TEN,10.0,CAR,home,L 10-27,0.0,0.0,,0.0,1.0,1.0,14.0,14.0,0.0,1.9
201,Jalston_Fowler,TEN,11.0,JAC,away,L 13-19,0.0,0.0,,0.0,1.0,1.0,2.0,2.0,0.0,0.7
202,Jalston_Fowler,TEN,12.0,OAK,home,L 21-24,1.0,1.0,1.0,0.0,1.0,1.0,1.0,1.0,1.0,6.7
203,Jalston_Fowler,TEN,15.0,NE,away,L 16-33,1.0,0.0,0.0,0.0,1.0,1.0,8.0,8.0,0.0,1.3
204,Jalston_Fowler,TEN,17.0,IND,away,L 24-30,0.0,0.0,,0.0,1.0,0.0,0.0,,0.0,0.0
206,Devonta_Freeman,ATL,1.0,TB,home,L 24-31,11.0,20.0,1.8,0.0,4.0,4.0,20.0,5.0,0.0,6.0
207,Devonta_Freeman,ATL,2.0,OAK,away,W 35-28,17.0,93.0,5.5,0.0,0.0,0.0,0.0,,0.0,9.3
208,Devonta_Freeman,ATL,3.0,NO,away,W 45-32,14.0,152.0,10.9,0.0,5.0,5.0,55.0,11.0,1.0,29.2
209,Devonta_Freeman,ATL,4.0,CAR,home,W 48-33,13.0,57.0,4.4,1.0,3.0,2.0,7.0,3.5,0.0,13.4
210,Devonta_Freeman,ATL,5.0,DEN,away,W 23-16,23.0,88.0,3.8,1.0,5.0,3.0,35.0,11.7,0.0,19.8
211,Devonta_Freeman,ATL,6.0,SEA,away,L 24-26,12.0,40.0,3.3,0.0,5.0,3.0,10.0,3.3,0.0,6.5
212,Devonta_Freeman,ATL,7.0,SD,home,L 30-33,15.0,58.0,3.9,0.0,6.0,5.0,42.0,8.4,0.0,12.5
214,Mike_Gillislee,BUF,1.0,BAL,away,L 7-13,0.0,0.0,,0.0,1.0,1.0,-4.0,-4.0,0.0,0.1
215,Mike_Gillislee,BUF,2.0,NYJ,home,L 31-37,0.0,0.0,,0.0,1.0,1.0,18.0,18.0,1.0,8.3
216,Mike_Gillislee,BUF,3.0,ARI,home,W 33-18,3.0,20.0,6.7,0.0,0.0,0.0,0.0,,0.0,2.0
217,Mike_Gillislee,BUF,4.0,NE,away,W 16-0,6.0,30.0,5.0,0.0,2.0,1.0,13.0,13.0,0.0,4.8
218,Mike_Gillislee,BUF,5.0,LAR,away,W 30-19,2.0,6.0,3.0,1.0,0.0,0.0,0.0,,0.0,6.6
219,Mike_Gillislee,BUF,6.0,SF,home,W 45-16,6.0,60.0,10.0,1.0,0.0,0.0,0.0,,0.0,12.0
220,Mike_Gillislee,BUF,7.0,MIA,away,L 25-28,5.0,20.0,4.0,0.0,0.0,0.0,0.0,,0.0,2.0
222,Melvin_Gordon,SD,1.0,KC,away,L 27-33,14.0,57.0,4.1,2.0,0.0,0.0,0.0,,0.0,17.7
223,Melvin_Gordon,SD,2.0,JAC,home,W 38-14,24.0,102.0,4.3,1.0,3.0,3.0,18.0,6.0,0.0,19.5
224,Melvin_Gordon,SD,3.0,IND,away,L 22-26,16.0,35.0,2.2,1.0,7.0,4.0,43.0,10.8,0.0,15.8
225,Melvin_Gordon,SD,4.0,NO,home,L 34-35,19.0,36.0,1.9,2.0,7.0,6.0,43.0,7.2,0.0,20.9
226,Melvin_Gordon,SD,5.0,OAK,away,L 31-34,16.0,69.0,4.3,0.0,1.0,1.0,18.0,18.0,1.0,13.2
227,Melvin_Gordon,SD,6.0,DEN,home,W 21-13,27.0,94.0,3.5,0.0,2.0,0.0,0.0,,0.0,9.4
228,Melvin_Gordon,SD,7.0,ATL,away,W 33-30,22.0,68.0,3.1,2.0,7.0,6.0,53.0,8.8,1.0,33.1
230,Frank_Gore,IND,1.0,DET,home,L 35-39,14.0,59.0,4.2,0.0,6.0,4.0,19.0,4.8,0.0,9.8
231,Frank_Gore,IND,2.0,DEN,away,L 20-34,13.0,44.0,3.4,0.0,3.0,3.0,19.0,6.3,1.0,13.8
232,Frank_Gore,IND,3.0,SD,home,W 26-22,21.0,82.0,3.9,1.0,3.0,1.0,1.0,1.0,0.0,14.8
233,Frank_Gore,IND,4.0,JAC,away,L 27-30,16.0,68.0,4.3,1.0,6.0,5.0,27.0,5.4,0.0,18.0
234,Frank_Gore,IND,5.0,CHI,home,W 29-23,14.0,75.0,5.4,0.0,2.0,1.0,4.0,4.0,0.0,8.4
235,Frank_Gore,IND,6.0,HOU,away,L 23-26,22.0,106.0,4.8,0.0,1.0,1.0,2.0,2.0,0.0,11.3
236,Frank_Gore,IND,7.0,TEN,away,W 34-26,17.0,61.0,3.6,0.0,5.0,5.0,22.0,4.4,1.0,16.8
237,Jonathan_Grimes,HOU,2.0,KC,home,W 19-12,1.0,8.0,8.0,0.0,3.0,1.0,13.0,13.0,0.0,2.6
238,Jonathan_Grimes,HOU,3.0,NE,away,L 0-27,3.0,4.0,1.3,0.0,4.0,4.0,15.0,3.8,0.0,3.9
239,Todd_Gurley,LAR,1.0,SF,away,L 0-28,17.0,47.0,2.8,0.0,3.0,1.0,-5.0,-5.0,0.0,4.7
240,Todd_Gurley,LAR,2.0,SEA,home,W 9-3,19.0,51.0,2.7,0.0,1.0,1.0,19.0,19.0,0.0,7.5
241,Todd_Gurley,LAR,3.0,TB,away,W 37-32,27.0,85.0,3.1,2.0,2.0,1.0,-5.0,-5.0,0.0,20.5
242,Todd_Gurley,LAR,4.0,ARI,away,W 17-13,19.0,33.0,1.7,0.0,5.0,5.0,49.0,9.8,0.0,10.7
243,Todd_Gurley,LAR,5.0,BUF,home,L 19-30,23.0,72.0,3.1,1.0,5.0,3.0,36.0,12.0,0.0,16.3
244,Todd_Gurley,LAR,6.0,DET,away,L 28-31,14.0,58.0,4.1,0.0,4.0,4.0,39.0,9.8,0.0,11.7
245,Todd_Gurley,LAR,7.0,NYG,home,L 10-17,15.0,57.0,3.8,0.0,7.0,6.0,35.0,5.8,0.0,12.2
247,DuJuan_Harris,SF,13.0,MIN,away,W 38-7,3.0,7.0,2.3,0.0,0.0,0.0,0.0,,0.0,0.7
248,DuJuan_Harris,SF,14.0,BAL,away,W 35-6,18.0,42.0,2.3,0.0,0.0,0.0,0.0,,0.0,2.2
249,DuJuan_Harris,SF,16.0,DET,away,L 17-32,11.0,73.0,6.6,0.0,2.0,1.0,11.0,11.0,0.0,8.9
250,DuJuan_Harris,SF,17.0,STL,home,W 19-16,16.0,67.0,4.2,0.0,12.0,8.0,86.0,10.8,0.0,19.3
252,Derrick_Henry,TEN,1.0,MIN,home,L 16-25,5.0,3.0,0.6,0.0,2.0,2.0,41.0,20.5,0.0,5.4
253,Derrick_Henry,TEN,2.0,DET,away,W 16-15,9.0,40.0,4.4,0.0,1.0,1.0,9.0,9.0,0.0,5.4
254,Derrick_Henry,TEN,3.0,OAK,home,L 10-17,10.0,45.0,4.5,0.0,0.0,0.0,0.0,,0.0,4.5
255,Derrick_Henry,TEN,4.0,HOU,away,L 20-27,3.0,9.0,3.0,0.0,0.0,0.0,0.0,,0.0,0.9
256,Derrick_Henry,TEN,5.0,MIA,away,W 30-17,7.0,54.0,7.7,0.0,0.0,0.0,0.0,,0.0,5.4
257,Derrick_Henry,TEN,6.0,CLE,home,W 28-26,2.0,7.0,3.5,0.0,2.0,2.0,20.0,10.0,0.0,3.7
258,Derrick_Henry,TEN,7.0,IND,home,L 26-34,1.0,3.0,3.0,0.0,1.0,0.0,0.0,,0.0,0.3
259,Derrick_Henry,TEN,8.0,JAC,home,W 36-22,16.0,60.0,3.8,1.0,5.0,4.0,37.0,9.3,0.0,17.7
260,Tim_Hightower,NO,1.0,OAK,home,L 34-35,4.0,9.0,2.3,0.0,1.0,1.0,1.0,1.0,0.0,1.5
261,Tim_Hightower,NO,2.0,NYG,away,L 13-16,3.0,9.0,3.0,0.0,0.0,0.0,0.0,,0.0,0.9
262,Tim_Hightower,NO,3.0,ATL,home,L 32-45,3.0,19.0,6.3,0.0,0.0,0.0,0.0,,0.0,1.9
263,Tim_Hightower,NO,4.0,SD,away,W 35-34,4.0,11.0,2.8,0.0,0.0,0.0,0.0,,0.0,1.1
264,Tim_Hightower,NO,7.0,KC,away,L 21-27,5.0,39.0,7.8,0.0,1.0,1.0,5.0,5.0,0.0,4.9
265,Jeremy_Hill,CIN,1.0,NYJ,away,W 23-22,9.0,31.0,3.4,1.0,0.0,0.0,0.0,,0.0,9.1
266,Jeremy_Hill,CIN,2.0,PIT,away,L 16-24,11.0,22.0,2.0,0.0,5.0,3.0,37.0,12.3,0.0,7.4
267,Jeremy_Hill,CIN,3.0,DEN,home,L 17-29,17.0,97.0,5.7,2.0,0.0,0.0,0.0,,0.0,21.7
268,Jeremy_Hill,CIN,4.0,MIA,home,W 22-7,21.0,71.0,3.4,0.0,1.0,0.0,0.0,,0.0,7.1
269,Jeremy_Hill,CIN,5.0,DAL,away,L 14-28,4.0,12.0,3.0,0.0,1.0,0.0,0.0,,0.0,1.2
270,Jeremy_Hill,CIN,6.0,NE,away,L 17-35,13.0,38.0,2.9,0.0,1.0,1.0,3.0,3.0,0.0,4.6
271,Jeremy_Hill,CIN,7.0,CLE,home,W 31-17,9.0,168.0,18.7,1.0,2.0,2.0,24.0,12.0,0.0,26.2
273,Ronnie_Hillman,MIN,1.0,BAL,home,W 19-13,12.0,41.0,3.4,0.0,0.0,0.0,0.0,,0.0,4.1
274,Ronnie_Hillman,MIN,2.0,KC,away,W 31-24,9.0,34.0,3.8,0.0,1.0,0.0,0.0,,0.0,3.4
275,Ronnie_Hillman,MIN,3.0,DET,away,W 24-12,7.0,13.0,1.9,1.0,1.0,1.0,3.0,3.0,0.0,8.1
276,Ronnie_Hillman,MIN,4.0,MIN,home,W 23-20,11.0,103.0,9.4,1.0,1.0,1.0,5.0,5.0,0.0,17.3
277,Ronnie_Hillman,MIN,5.0,OAK,away,W 16-10,7.0,21.0,3.0,0.0,2.0,1.0,5.0,5.0,0.0,3.1
278,Ronnie_Hillman,MIN,6.0,CLE,away,W 26-23,20.0,111.0,5.6,0.0,5.0,3.0,4.0,1.3,0.0,13.0
279,Ronnie_Hillman,MIN,8.0,GB,home,W 29-10,19.0,60.0,3.2,2.0,2.0,1.0,-5.0,-5.0,0.0,18.0
280,Ronnie_Hillman,MIN,9.0,IND,away,L 24-27,7.0,1.0,0.1,0.0,0.0,0.0,0.0,,0.0,0.1
281,Ronnie_Hillman,MIN,10.0,KC,home,L 13-29,11.0,42.0,3.8,1.0,4.0,2.0,9.0,4.5,0.0,12.1
282,Ronnie_Hillman,MIN,11.0,CHI,away,W 17-15,21.0,102.0,4.9,0.0,1.0,1.0,2.0,2.0,0.0,10.9
283,Ronnie_Hillman,MIN,12.0,NE,home,W 30-24,14.0,59.0,4.2,1.0,1.0,1.0,0.0,0.0,0.0,12.4
284,Ronnie_Hillman,MIN,13.0,SD,away,W 17-3,19.0,56.0,2.9,0.0,1.0,0.0,0.0,,0.0,5.6
285,Ronnie_Hillman,MIN,14.0,OAK,home,L 12-15,12.0,20.0,1.7,0.0,9.0,7.0,41.0,5.9,0.0,9.6
286,Ronnie_Hillman,MIN,15.0,PIT,away,L 27-34,14.0,48.0,3.4,0.0,0.0,0.0,0.0,,0.0,2.8
287,Ronnie_Hillman,MIN,16.0,CIN,home,W 20-17,9.0,35.0,3.9,0.0,4.0,4.0,37.0,9.3,0.0,9.2
288,Ronnie_Hillman,MIN,17.0,SD,home,W 27-20,15.0,117.0,7.8,1.0,3.0,2.0,10.0,5.0,0.0,19.7
293,Jordan_Howard,CHI,2.0,PHI,home,L 14-29,3.0,22.0,7.3,0.0,2.0,2.0,9.0,4.5,0.0,4.1
294,Jordan_Howard,CHI,3.0,DAL,away,L 17-31,9.0,45.0,5.0,0.0,6.0,4.0,47.0,11.8,0.0,11.2
295,Jordan_Howard,CHI,4.0,DET,home,W 17-14,23.0,111.0,4.8,0.0,4.0,3.0,21.0,7.0,0.0,14.7
296,Jordan_Howard,CHI,5.0,IND,away,L 23-29,16.0,118.0,7.4,0.0,3.0,3.0,45.0,15.0,1.0,23.8
297,Jordan_Howard,CHI,6.0,JAC,home,L 16-17,15.0,34.0,2.3,1.0,4.0,2.0,6.0,3.0,0.0,11.0
298,Jordan_Howard,CHI,7.0,GB,away,L 10-26,7.0,22.0,3.1,0.0,1.0,0.0,0.0,,0.0,2.2
300,Carlos_Hyde,SF,1.0,LAR,home,W 28-0,23.0,88.0,3.8,2.0,3.0,2.0,5.0,2.5,0.0,22.3
301,Carlos_Hyde,SF,2.0,CAR,away,L 27-46,14.0,34.0,2.4,0.0,3.0,3.0,18.0,6.0,0.0,4.7
302,Carlos_Hyde,SF,3.0,SEA,away,L 18-37,21.0,103.0,4.9,2.0,1.0,1.0,2.0,2.0,0.0,23.0
303,Carlos_Hyde,SF,4.0,DAL,home,L 17-24,15.0,74.0,4.9,1.0,1.0,1.0,5.0,5.0,0.0,14.4
304,Carlos_Hyde,SF,5.0,ARI,home,L 21-33,22.0,78.0,3.5,1.0,6.0,6.0,36.0,6.0,0.0,20.4
305,Carlos_Hyde,SF,6.0,BUF,away,L 16-45,14.0,52.0,3.7,0.0,0.0,0.0,0.0,,0.0,5.2
307,Mark_Ingram,NO,1.0,OAK,home,L 34-35,12.0,58.0,4.8,0.0,2.0,2.0,29.0,14.5,0.0,9.7
308,Mark_Ingram,NO,2.0,NYG,away,L 13-16,9.0,30.0,3.3,0.0,4.0,4.0,17.0,4.3,0.0,6.7
309,Mark_Ingram,NO,3.0,ATL,home,L 32-45,15.0,77.0,5.1,0.0,6.0,4.0,30.0,7.5,1.0,18.7
310,Mark_Ingram,NO,4.0,SD,away,W 35-34,18.0,57.0,3.2,1.0,7.0,6.0,49.0,8.2,0.0,19.6
311,Mark_Ingram,NO,6.0,CAR,home,W 41-38,16.0,51.0,3.2,0.0,3.0,2.0,9.0,4.5,0.0,7.0
312,Mark_Ingram,NO,7.0,KC,away,L 21-27,16.0,62.0,3.9,0.0,4.0,4.0,20.0,5.0,1.0,14.2
314,Chris_Ivory,JAC,3.0,BAL,home,L 17-19,12.0,14.0,1.2,0.0,1.0,1.0,9.0,9.0,0.0,2.8
315,Chris_Ivory,JAC,4.0,IND,home,W 30-27,8.0,29.0,3.6,0.0,1.0,0.0,0.0,,0.0,2.9
316,Chris_Ivory,JAC,6.0,CHI,away,W 17-16,11.0,32.0,2.9,1.0,2.0,2.0,3.0,1.5,0.0,10.5
317,Chris_Ivory,JAC,7.0,OAK,home,L 16-33,5.0,48.0,9.6,0.0,4.0,2.0,3.0,1.5,0.0,6.1
318,Chris_Ivory,JAC,8.0,TEN,away,L 22-36,4.0,6.0,1.5,0.0,1.0,1.0,6.0,6.0,0.0,1.7
320,Rashad_Jennings,NYG,1.0,DAL,away,W 20-19,18.0,75.0,4.2,0.0,2.0,1.0,3.0,3.0,0.0,8.3
321,Rashad_Jennings,NYG,2.0,NO,home,W 16-13,13.0,27.0,2.1,0.0,2.0,2.0,13.0,6.5,0.0,5.0
322,Rashad_Jennings,NYG,6.0,BAL,home,W 27-23,9.0,15.0,1.7,0.0,4.0,4.0,20.0,5.0,0.0,5.5
323,Rashad_Jennings,NYG,7.0,LAR,away,W 17-10,13.0,25.0,1.9,1.0,3.0,2.0,24.0,12.0,0.0,11.9
325,Chris_Johnson,ARI,1.0,NE,home,L 21-23,1.0,2.0,2.0,0.0,0.0,0.0,0.0,,0.0,0.2
326,Chris_Johnson,ARI,2.0,TB,home,W 40-7,16.0,54.0,3.4,1.0,0.0,0.0,0.0,,0.0,11.4
327,Chris_Johnson,ARI,3.0,BUF,away,L 18-33,2.0,5.0,2.5,0.0,0.0,0.0,0.0,,0.0,0.5
328,Chris_Johnson,ARI,4.0,LAR,home,L 13-17,6.0,34.0,5.7,0.0,1.0,0.0,0.0,,0.0,3.4
330,David_Johnson,ARI,1.0,NE,home,L 21-23,16.0,89.0,5.6,1.0,6.0,4.0,43.0,10.8,0.0,21.2
331,David_Johnson,ARI,2.0,TB,home,W 40-7,12.0,45.0,3.8,0.0,5.0,3.0,98.0,32.7,0.0,15.8
332,David_Johnson,ARI,3.0,BUF,away,L 18-33,19.0,83.0,4.4,2.0,6.0,3.0,28.0,9.3,0.0,24.6
333,David_Johnson,ARI,4.0,LAR,home,L 13-17,17.0,83.0,4.9,0.0,4.0,4.0,41.0,10.3,0.0,12.4
334,David_Johnson,ARI,5.0,SF,away,W 33-21,27.0,157.0,5.8,2.0,6.0,3.0,28.0,9.3,0.0,32.0
335,David_Johnson,ARI,6.0,NYJ,home,W 28-3,22.0,111.0,5.0,3.0,6.0,3.0,27.0,9.0,0.0,33.3
336,David_Johnson,ARI,7.0,SEA,home,T 6-6,33.0,113.0,3.4,0.0,13.0,8.0,58.0,7.3,0.0,21.1
338,Duke_Johnson,CLE,1.0,PHI,away,L 10-29,3.0,22.0,7.3,0.0,5.0,3.0,28.0,9.3,0.0,6.5
339,Duke_Johnson,CLE,2.0,BAL,home,L 20-25,3.0,12.0,4.0,0.0,5.0,4.0,44.0,11.0,0.0,7.6
340,Duke_Johnson,CLE,3.0,MIA,away,L 24-30,10.0,69.0,6.9,0.0,7.0,5.0,12.0,2.4,0.0,10.6
341,Duke_Johnson,CLE,4.0,WAS,away,L 20-31,9.0,53.0,5.9,0.0,8.0,6.0,31.0,5.2,0.0,9.4
342,Duke_Johnson,CLE,5.0,NE,home,L 13-33,4.0,1.0,0.3,0.0,3.0,2.0,21.0,10.5,0.0,3.2
343,Duke_Johnson,CLE,6.0,TEN,away,L 26-28,4.0,18.0,4.5,1.0,6.0,4.0,56.0,14.0,0.0,15.4
344,Duke_Johnson,CLE,7.0,CIN,away,L 17-31,6.0,15.0,2.5,0.0,5.0,4.0,18.0,4.5,0.0,5.3
346,Matt_Jones,WAS,1.0,PIT,home,L 16-38,7.0,24.0,3.4,0.0,1.0,1.0,9.0,9.0,0.0,3.8
347,Matt_Jones,WAS,2.0,DAL,home,L 23-27,13.0,61.0,4.7,1.0,1.0,1.0,4.0,4.0,0.0,13.0
348,Matt_Jones,WAS,3.0,NYG,away,W 29-27,17.0,65.0,3.8,0.0,2.0,2.0,14.0,7.0,0.0,8.9
349,Matt_Jones,WAS,4.0,CLE,home,W 31-20,22.0,117.0,5.3,1.0,2.0,2.0,21.0,10.5,0.0,20.8
350,Matt_Jones,WAS,5.0,BAL,away,W 16-10,14.0,31.0,2.2,0.0,2.0,2.0,25.0,12.5,0.0,4.6
351,Matt_Jones,WAS,6.0,PHI,home,W 27-20,16.0,135.0,8.4,1.0,0.0,0.0,0.0,,0.0,19.5
352,Matt_Jones,WAS,7.0,DET,away,L 17-20,10.0,27.0,2.7,0.0,0.0,0.0,0.0,,0.0,0.7
353,Taiwan_Jones,OAK,1.0,NO,away,W 35-34,1.0,-8.0,-8.0,0.0,2.0,2.0,17.0,8.5,0.0,1.9
355,Kyle_Juszczyk,BAL,1.0,DEN,away,L 13-19,0.0,0.0,,0.0,4.0,4.0,17.0,4.3,0.0,3.7
356,Kyle_Juszczyk,BAL,2.0,OAK,away,L 33-37,0.0,0.0,,0.0,1.0,1.0,11.0,11.0,0.0,1.6
357,Kyle_Juszczyk,BAL,3.0,CIN,home,L 24-28,0.0,0.0,,0.0,3.0,2.0,11.0,5.5,0.0,2.1
358,Kyle_Juszczyk,BAL,4.0,PIT,away,W 23-20,0.0,0.0,,0.0,1.0,1.0,3.0,3.0,0.0,0.8
359,Kyle_Juszczyk,BAL,5.0,CLE,home,L 30-33,0.0,0.0,,0.0,6.0,3.0,31.0,10.3,1.0,10.6
360,Kyle_Juszczyk,BAL,6.0,SF,away,L 20-25,0.0,0.0,,0.0,2.0,2.0,22.0,11.0,0.0,3.2
361,Kyle_Juszczyk,BAL,7.0,ARI,away,L 18-26,0.0,0.0,,0.0,5.0,4.0,15.0,3.8,1.0,9.5
362,Kyle_Juszczyk,BAL,8.0,SD,home,W 29-26,0.0,0.0,,0.0,2.0,1.0,39.0,39.0,0.0,4.4
363,Kyle_Juszczyk,BAL,10.0,JAC,home,L 20-22,0.0,0.0,,0.0,5.0,5.0,47.0,9.4,0.0,7.2
364,Kyle_Juszczyk,BAL,11.0,STL,home,W 16-13,2.0,3.0,1.5,0.0,5.0,3.0,10.0,3.3,0.0,2.8
365,Kyle_Juszczyk,BAL,12.0,CLE,away,W 33-27,0.0,0.0,,0.0,4.0,2.0,18.0,9.0,0.0,2.8
366,Kyle_Juszczyk,BAL,13.0,MIA,away,L 13-15,0.0,0.0,,0.0,2.0,1.0,-2.0,-2.0,0.0,0.3
367,Kyle_Juszczyk,BAL,14.0,SEA,home,L 6-35,0.0,0.0,,0.0,1.0,0.0,0.0,,0.0,0.0
368,Kyle_Juszczyk,BAL,15.0,KC,home,L 14-34,0.0,0.0,,0.0,6.0,5.0,26.0,5.2,1.0,11.1
369,Kyle_Juszczyk,BAL,16.0,PIT,home,W 20-17,0.0,0.0,,0.0,7.0,5.0,55.0,11.0,0.0,8.0
370,Kyle_Juszczyk,BAL,17.0,CIN,away,L 16-24,0.0,0.0,,0.0,2.0,2.0,18.0,9.0,1.0,8.8
372,Rob_Kelley,WAS,3.0,NYG,away,W 29-27,4.0,7.0,1.8,0.0,0.0,0.0,0.0,,0.0,0.7
373,Rob_Kelley,WAS,4.0,CLE,home,W 31-20,1.0,4.0,4.0,0.0,0.0,0.0,0.0,,0.0,0.4
374,Rob_Kelley,WAS,5.0,BAL,away,W 16-10,3.0,18.0,6.0,0.0,0.0,0.0,0.0,,0.0,1.8
375,Rob_Kelley,WAS,6.0,PHI,home,W 27-20,5.0,59.0,11.8,0.0,0.0,0.0,0.0,,0.0,5.9
376,Rob_Kelley,WAS,7.0,DET,away,L 17-20,4.0,15.0,3.8,0.0,1.0,1.0,1.0,1.0,1.0,8.1
378,John_Kuhn,NO,4.0,SF,away,W 17-3,1.0,1.0,1.0,1.0,1.0,1.0,8.0,8.0,0.0,7.4
379,John_Kuhn,NO,5.0,STL,home,W 24-10,1.0,3.0,3.0,0.0,1.0,0.0,0.0,,0.0,0.3
380,John_Kuhn,NO,6.0,SD,home,W 27-20,0.0,0.0,,0.0,2.0,2.0,20.0,10.0,0.0,3.0
381,John_Kuhn,NO,10.0,DET,home,L 16-18,0.0,0.0,,0.0,1.0,0.0,0.0,,0.0,0.0
382,John_Kuhn,NO,11.0,MIN,away,W 30-13,1.0,4.0,4.0,0.0,0.0,0.0,0.0,,0.0,0.4
383,John_Kuhn,NO,14.0,DAL,home,W 28-7,1.0,2.0,2.0,0.0,2.0,1.0,14.0,14.0,0.0,2.1
384,John_Kuhn,NO,15.0,OAK,away,W 30-20,3.0,12.0,4.0,1.0,1.0,0.0,0.0,,0.0,7.2
385,John_Kuhn,NO,16.0,ARI,away,L 8-38,1.0,3.0,3.0,0.0,0.0,0.0,0.0,,0.0,0.3
386,John_Kuhn,NO,17.0,MIN,home,L 13-20,1.0,3.0,3.0,0.0,2.0,2.0,14.0,7.0,0.0,2.7
390,Eddie_Lacy,GB,1.0,JAC,away,W 27-23,14.0,61.0,4.4,0.0,2.0,1.0,17.0,17.0,0.0,8.3
391,Eddie_Lacy,GB,2.0,MIN,away,L 14-17,12.0,50.0,4.2,0.0,1.0,0.0,0.0,,0.0,5.0
392,Eddie_Lacy,GB,3.0,DET,home,W 34-27,17.0,103.0,6.1,0.0,2.0,1.0,2.0,2.0,0.0,11.0
393,Eddie_Lacy,GB,5.0,NYG,home,W 23-16,11.0,81.0,7.4,0.0,1.0,1.0,3.0,3.0,0.0,8.9
394,Eddie_Lacy,GB,6.0,DAL,home,L 16-30,17.0,65.0,3.8,0.0,1.0,1.0,6.0,6.0,0.0,7.6
396,Jeremy_Langford,CHI,1.0,HOU,away,L 14-23,17.0,57.0,3.4,1.0,4.0,2.0,6.0,3.0,0.0,13.3
397,Jeremy_Langford,CHI,2.0,PHI,home,L 14-29,11.0,28.0,2.5,1.0,2.0,1.0,6.0,6.0,0.0,7.9
398,Jeremy_Langford,CHI,3.0,DAL,away,L 17-31,3.0,31.0,10.3,0.0,3.0,2.0,15.0,7.5,0.0,5.6
399,Zach_Line,MIN,4.0,NYG,home,W 24-10,3.0,6.0,2.0,0.0,0.0,0.0,0.0,,0.0,0.6
400,Zach_Line,MIN,5.0,HOU,home,W 31-13,0.0,0.0,,0.0,1.0,0.0,0.0,,0.0,0.0
401,Zach_Line,MIN,7.0,PHI,away,L 10-21,2.0,2.0,1.0,0.0,0.0,0.0,0.0,,0.0,0.2
403,Doug_Martin,TB,1.0,ATL,away,W 31-24,18.0,62.0,3.4,0.0,5.0,5.0,34.0,6.8,0.0,12.1
404,Doug_Martin,TB,2.0,ARI,away,L 7-40,7.0,23.0,3.3,0.0,0.0,0.0,0.0,,0.0,2.3
405,Ryan_Mathews,PHI,1.0,CLE,home,W 29-10,22.0,77.0,3.5,1.0,0.0,0.0,0.0,,0.0,13.7
406,Ryan_Mathews,PHI,2.0,CHI,away,W 29-14,9.0,32.0,3.6,2.0,1.0,1.0,3.0,3.0,0.0,16.0
407,Ryan_Mathews,PHI,3.0,PIT,home,W 34-3,2.0,-5.0,-2.5,0.0,0.0,0.0,0.0,,0.0,-0.5
408,Ryan_Mathews,PHI,5.0,DET,away,L 23-24,11.0,42.0,3.8,0.0,5.0,5.0,33.0,6.6,1.0,14.0
409,Ryan_Mathews,PHI,6.0,WAS,away,L 20-27,9.0,60.0,6.7,0.0,0.0,0.0,0.0,,0.0,6.0
410,Ryan_Mathews,PHI,7.0,MIN,home,W 21-10,14.0,56.0,4.0,0.0,1.0,1.0,27.0,27.0,0.0,6.8
412,LeSean_McCoy,BUF,1.0,BAL,away,L 7-13,16.0,58.0,3.6,1.0,4.0,4.0,12.0,3.0,0.0,15.0
413,LeSean_McCoy,BUF,2.0,NYJ,home,L 31-37,15.0,59.0,3.9,0.0,5.0,4.0,31.0,7.8,0.0,11.0
414,LeSean_McCoy,BUF,3.0,ARI,home,W 33-18,17.0,110.0,6.5,2.0,4.0,3.0,6.0,2.0,0.0,25.1
415,LeSean_McCoy,BUF,4.0,NE,away,W 16-0,19.0,70.0,3.7,0.0,6.0,6.0,38.0,6.3,1.0,19.8
416,LeSean_McCoy,BUF,5.0,LAR,away,W 30-19,18.0,150.0,8.3,0.0,2.0,2.0,8.0,4.0,0.0,16.8
417,LeSean_McCoy,BUF,6.0,SF,home,W 45-16,19.0,140.0,7.4,3.0,3.0,2.0,2.0,1.0,0.0,33.2
418,LeSean_McCoy,BUF,7.0,MIA,away,L 25-28,8.0,11.0,1.4,0.0,0.0,0.0,0.0,,0.0,1.1
420,Jerick_McKinnon,MIN,1.0,TEN,away,W 25-16,1.0,6.0,6.0,0.0,2.0,1.0,3.0,3.0,0.0,1.4
421,Jerick_McKinnon,MIN,2.0,GB,home,W 17-14,2.0,2.0,1.0,0.0,1.0,1.0,-1.0,-1.0,0.0,0.6
422,Jerick_McKinnon,MIN,3.0,CAR,away,W 22-10,16.0,45.0,2.8,0.0,2.0,1.0,2.0,2.0,0.0,5.2
423,Jerick_McKinnon,MIN,4.0,NYG,home,W 24-10,18.0,85.0,4.7,1.0,5.0,3.0,10.0,3.3,0.0,17.0
424,Jerick_McKinnon,MIN,5.0,HOU,home,W 31-13,20.0,36.0,1.8,0.0,3.0,1.0,10.0,10.0,0.0,5.1
425,Jerick_McKinnon,MIN,7.0,PHI,away,L 10-21,11.0,43.0,3.9,0.0,1.0,1.0,5.0,5.0,0.0,5.3
427,Christine_Michael,SEA,1.0,MIA,home,W 12-10,15.0,66.0,4.4,0.0,4.0,2.0,5.0,2.5,0.0,8.1
428,Christine_Michael,SEA,2.0,LAR,away,L 3-9,10.0,60.0,6.0,0.0,4.0,3.0,26.0,8.7,0.0,10.1
429,Christine_Michael,SEA,3.0,SF,home,W 37-18,20.0,106.0,5.3,2.0,3.0,2.0,5.0,2.5,0.0,24.1
430,Christine_Michael,SEA,4.0,NYJ,away,W 27-17,18.0,58.0,3.2,0.0,6.0,5.0,32.0,6.4,1.0,17.5
431,Christine_Michael,SEA,6.0,ATL,home,W 26-24,18.0,64.0,3.6,2.0,3.0,3.0,19.0,6.3,0.0,21.8
432,Christine_Michael,SEA,7.0,ARI,away,T 6-6,16.0,52.0,3.3,0.0,3.0,3.0,3.0,1.0,0.0,7.0
434,Lamar_Miller,HOU,1.0,CHI,home,W 23-14,28.0,106.0,3.8,0.0,4.0,4.0,11.0,2.8,0.0,13.7
435,Lamar_Miller,HOU,2.0,KC,home,W 19-12,25.0,83.0,3.3,0.0,2.0,2.0,14.0,7.0,0.0,10.7
436,Lamar_Miller,HOU,3.0,NE,away,L 0-27,21.0,80.0,3.8,0.0,5.0,4.0,27.0,6.8,0.0,12.7
437,Lamar_Miller,HOU,4.0,TEN,home,W 27-20,19.0,82.0,4.3,0.0,3.0,3.0,26.0,8.7,0.0,12.3
438,Lamar_Miller,HOU,5.0,MIN,away,L 13-31,8.0,20.0,2.5,0.0,3.0,1.0,4.0,4.0,0.0,2.9
439,Lamar_Miller,HOU,6.0,IND,home,W 26-23,24.0,149.0,6.2,1.0,4.0,3.0,29.0,9.7,1.0,31.3
440,Lamar_Miller,HOU,7.0,DEN,away,L 9-27,11.0,61.0,5.5,0.0,4.0,3.0,6.0,2.0,0.0,8.2
442,Alfred_Morris,DAL,1.0,NYG,home,L 19-20,7.0,35.0,5.0,0.0,1.0,0.0,0.0,,0.0,3.5
443,Alfred_Morris,DAL,2.0,WAS,away,W 27-23,5.0,7.0,1.4,1.0,0.0,0.0,0.0,,0.0,6.7
444,Alfred_Morris,DAL,3.0,CHI,home,W 31-17,5.0,19.0,3.8,1.0,1.0,1.0,2.0,2.0,0.0,8.6
445,Alfred_Morris,DAL,4.0,SF,away,W 24-17,7.0,34.0,4.9,0.0,0.0,0.0,0.0,,0.0,3.4
446,Alfred_Morris,DAL,5.0,CIN,home,W 28-14,6.0,33.0,5.5,0.0,1.0,0.0,0.0,,0.0,3.3
447,Alfred_Morris,DAL,6.0,GB,away,W 30-16,3.0,2.0,0.7,0.0,0.0,0.0,0.0,,0.0,0.2
449,DeMarco_Murray,TEN,1.0,MIN,home,L 16-25,13.0,42.0,3.2,0.0,7.0,5.0,35.0,7.0,2.0,20.2
450,DeMarco_Murray,TEN,2.0,DET,away,W 16-15,12.0,89.0,7.4,0.0,7.0,7.0,56.0,8.0,0.0,18.0
451,DeMarco_Murray,TEN,3.0,OAK,home,L 10-17,16.0,114.0,7.1,1.0,5.0,5.0,41.0,8.2,0.0,24.0
452,DeMarco_Murray,TEN,4.0,HOU,away,L 20-27,25.0,95.0,3.8,2.0,2.0,2.0,24.0,12.0,0.0,24.9
453,DeMarco_Murray,TEN,5.0,MIA,away,W 30-17,27.0,121.0,4.5,0.0,6.0,5.0,16.0,3.2,0.0,16.2
454,DeMarco_Murray,TEN,6.0,CLE,home,W 28-26,21.0,65.0,3.1,1.0,2.0,0.0,0.0,,0.0,12.5
455,DeMarco_Murray,TEN,7.0,IND,home,L 26-34,25.0,107.0,4.3,1.0,5.0,3.0,20.0,6.7,0.0,20.2
456,DeMarco_Murray,TEN,8.0,JAC,home,W 36-22,21.0,123.0,5.9,1.0,2.0,1.0,5.0,5.0,0.0,19.3
458,Latavius_Murray,OAK,1.0,NO,away,W 35-34,14.0,59.0,4.2,1.0,2.0,1.0,13.0,13.0,0.0,13.7
459,Latavius_Murray,OAK,2.0,ATL,home,L 28-35,8.0,57.0,7.1,1.0,6.0,6.0,44.0,7.3,0.0,19.1
460,Latavius_Murray,OAK,3.0,TEN,away,W 17-10,10.0,37.0,3.7,1.0,1.0,1.0,1.0,1.0,0.0,10.3
461,Latavius_Murray,OAK,4.0,BAL,away,W 28-27,8.0,19.0,2.4,0.0,2.0,2.0,5.0,2.5,0.0,3.4
462,Latavius_Murray,OAK,7.0,JAC,away,W 33-16,18.0,59.0,3.3,2.0,5.0,2.0,4.0,2.0,0.0,19.3
463,Jamize_Olawale,OAK,1.0,NO,away,W 35-34,1.0,2.0,2.0,1.0,0.0,0.0,0.0,,0.0,6.2
464,Jamize_Olawale,OAK,2.0,ATL,home,L 28-35,1.0,11.0,11.0,0.0,2.0,2.0,28.0,14.0,0.0,4.9
465,Jamize_Olawale,OAK,3.0,TEN,away,W 17-10,1.0,0.0,0.0,0.0,1.0,0.0,0.0,,0.0,0.0
466,Jamize_Olawale,OAK,4.0,BAL,away,W 28-27,1.0,0.0,0.0,0.0,0.0,0.0,0.0,,0.0,0.0
467,Jamize_Olawale,OAK,5.0,SD,home,W 34-31,6.0,22.0,3.7,1.0,1.0,1.0,2.0,2.0,0.0,8.9
468,Jamize_Olawale,OAK,7.0,JAC,away,W 33-16,3.0,12.0,4.0,0.0,0.0,0.0,0.0,,0.0,1.2
470,Paul_Perkins,NYG,4.0,MIN,away,L 10-24,2.0,8.0,4.0,0.0,3.0,2.0,72.0,36.0,0.0,9.0
471,Paul_Perkins,NYG,5.0,GB,away,L 16-23,2.0,9.0,4.5,0.0,2.0,1.0,13.0,13.0,0.0,2.7
472,Paul_Perkins,NYG,6.0,BAL,home,W 27-23,2.0,10.0,5.0,0.0,2.0,2.0,16.0,8.0,0.0,3.6
473,Paul_Perkins,NYG,7.0,LAR,away,W 17-10,4.0,12.0,3.0,0.0,1.0,1.0,4.0,4.0,0.0,2.1
475,Adrian_Peterson,MIN,1.0,TEN,away,W 25-16,19.0,31.0,1.6,0.0,2.0,0.0,0.0,,0.0,3.1
476,Adrian_Peterson,MIN,2.0,GB,home,W 17-14,12.0,19.0,1.6,0.0,3.0,2.0,7.0,3.5,0.0,3.6
478,Bilal_Powell,NYJ,1.0,CIN,home,L 22-23,4.0,41.0,10.3,0.0,4.0,2.0,7.0,3.5,0.0,5.8
479,Bilal_Powell,NYJ,2.0,BUF,away,W 37-31,1.0,2.0,2.0,0.0,2.0,1.0,1.0,1.0,0.0,0.8
480,Bilal_Powell,NYJ,3.0,KC,away,L 3-24,4.0,30.0,7.5,0.0,7.0,6.0,41.0,6.8,0.0,8.1
481,Bilal_Powell,NYJ,4.0,SEA,home,L 17-27,4.0,26.0,6.5,0.0,9.0,6.0,54.0,9.0,0.0,11.0
482,Bilal_Powell,NYJ,5.0,PIT,away,L 13-31,4.0,10.0,2.5,0.0,8.0,6.0,41.0,6.8,0.0,8.1
483,Bilal_Powell,NYJ,6.0,ARI,away,L 3-28,3.0,10.0,3.3,0.0,4.0,3.0,12.0,4.0,0.0,3.7
484,Bilal_Powell,NYJ,7.0,BAL,home,W 24-16,4.0,18.0,4.5,0.0,0.0,0.0,0.0,,0.0,1.8
485,Jay_Prosch,HOU,1.0,CHI,home,W 23-14,1.0,2.0,2.0,0.0,0.0,0.0,0.0,,0.0,0.2
486,Jay_Prosch,HOU,4.0,TEN,home,W 27-20,1.0,0.0,0.0,0.0,1.0,1.0,6.0,6.0,0.0,1.1
488,C.J._Prosise,SEA,1.0,MIA,home,W 12-10,1.0,-2.0,-2.0,0.0,1.0,1.0,13.0,13.0,0.0,1.6
489,C.J._Prosise,SEA,7.0,ARI,away,T 6-6,1.0,0.0,0.0,0.0,3.0,2.0,17.0,8.5,0.0,2.7
491,Thomas_Rawls,SEA,1.0,MIA,home,W 12-10,12.0,32.0,2.7,0.0,3.0,3.0,26.0,8.7,0.0,7.3
492,Thomas_Rawls,SEA,2.0,LAR,away,L 3-9,7.0,-7.0,-1.0,0.0,3.0,3.0,15.0,5.0,0.0,2.3
494,Theo_Riddick,DET,1.0,IND,away,W 39-35,7.0,45.0,6.4,1.0,5.0,5.0,63.0,12.6,1.0,25.3
495,Theo_Riddick,DET,2.0,TEN,home,L 15-16,11.0,37.0,3.4,0.0,5.0,4.0,28.0,7.0,0.0,8.5
496,Theo_Riddick,DET,3.0,GB,away,L 27-34,10.0,9.0,0.9,0.0,9.0,7.0,39.0,5.6,0.0,8.3
497,Theo_Riddick,DET,4.0,CHI,away,L 14-17,11.0,31.0,2.8,0.0,7.0,4.0,27.0,6.8,0.0,7.8
498,Theo_Riddick,DET,5.0,PHI,home,W 24-23,11.0,49.0,4.5,0.0,6.0,6.0,33.0,5.5,2.0,23.2
500,Aaron_Ripkowski,GB,9.0,CAR,away,L 29-37,0.0,0.0,,0.0,1.0,1.0,18.0,18.0,0.0,2.3
501,Denard_Robinson,JAC,1.0,GB,home,L 23-27,3.0,7.0,2.3,0.0,0.0,0.0,0.0,,0.0,0.7
502,Denard_Robinson,JAC,2.0,SD,away,L 14-38,1.0,7.0,7.0,0.0,2.0,1.0,7.0,7.0,0.0,1.9
503,Anthony_Sherman,KC,3.0,NYJ,home,W 24-3,0.0,0.0,,0.0,1.0,1.0,3.0,3.0,0.0,0.8
504,Anthony_Sherman,KC,6.0,OAK,away,W 26-10,0.0,0.0,,0.0,1.0,0.0,0.0,,0.0,0.0
505,Anthony_Sherman,KC,7.0,NO,home,W 27-21,0.0,0.0,,0.0,1.0,1.0,0.0,0.0,0.0,0.5
507,Charles_Sims,TB,1.0,ATL,away,W 31-24,4.0,9.0,2.3,0.0,3.0,3.0,32.0,10.7,1.0,11.6
508,Charles_Sims,TB,2.0,ARI,away,L 7-40,9.0,24.0,2.7,0.0,5.0,3.0,4.0,1.3,0.0,4.3
509,Charles_Sims,TB,3.0,LAR,home,L 32-37,13.0,55.0,4.2,1.0,8.0,6.0,69.0,11.5,0.0,21.4
510,Charles_Sims,TB,4.0,DEN,home,L 7-27,15.0,28.0,1.9,0.0,3.0,2.0,7.0,3.5,0.0,2.5
511,Wendell_Smallwood,PHI,1.0,CLE,home,W 29-10,1.0,1.0,1.0,0.0,0.0,0.0,0.0,,0.0,0.1
512,Wendell_Smallwood,PHI,2.0,CHI,away,W 29-14,2.0,16.0,8.0,0.0,1.0,0.0,0.0,,0.0,1.6
513,Wendell_Smallwood,PHI,3.0,PIT,home,W 34-3,17.0,79.0,4.6,1.0,0.0,0.0,0.0,,0.0,13.9
514,Wendell_Smallwood,PHI,6.0,WAS,away,L 20-27,4.0,6.0,1.5,0.0,2.0,1.0,14.0,14.0,0.0,2.5
515,Wendell_Smallwood,PHI,7.0,MIN,home,W 21-10,4.0,13.0,3.3,0.0,0.0,0.0,0.0,,0.0,1.3
517,Antone_Smith,TB,9.0,SD,away,W 22-19,1.0,11.0,11.0,0.0,0.0,0.0,0.0,,0.0,1.1
519,Rod_Smith,DAL,5.0,CIN,away,L 24-27,2.0,5.0,2.5,0.0,0.0,0.0,0.0,,0.0,0.5
520,Rod_Smith,DAL,8.0,SEA,home,L 12-13,0.0,0.0,,0.0,1.0,0.0,0.0,,0.0,0.0
521,Rod_Smith,DAL,12.0,CAR,home,L 14-33,0.0,0.0,,0.0,1.0,1.0,6.0,6.0,0.0,1.1
522,Darren_Sproles,PHI,1.0,CLE,home,W 29-10,5.0,12.0,2.4,0.0,5.0,2.0,24.0,12.0,0.0,4.6
523,Darren_Sproles,PHI,2.0,CHI,away,W 29-14,12.0,40.0,3.3,0.0,2.0,2.0,8.0,4.0,0.0,5.8
524,Darren_Sproles,PHI,3.0,PIT,home,W 34-3,2.0,-1.0,-0.5,0.0,6.0,6.0,128.0,21.3,1.0,21.7
525,Darren_Sproles,PHI,5.0,DET,away,L 23-24,5.0,45.0,9.0,0.0,4.0,4.0,23.0,5.8,0.0,8.8
526,Darren_Sproles,PHI,6.0,WAS,away,L 20-27,4.0,20.0,5.0,0.0,1.0,1.0,4.0,4.0,0.0,2.9
527,Darren_Sproles,PHI,7.0,MIN,home,W 21-10,3.0,26.0,8.7,0.0,3.0,2.0,23.0,11.5,0.0,5.9
529,James_Starks,GB,1.0,JAC,away,W 27-23,4.0,7.0,1.8,0.0,1.0,1.0,6.0,6.0,0.0,1.8
530,James_Starks,GB,2.0,MIN,away,L 14-17,7.0,3.0,0.4,0.0,1.0,1.0,16.0,16.0,0.0,2.4
531,James_Starks,GB,3.0,DET,home,W 34-27,1.0,-1.0,-1.0,0.0,2.0,1.0,9.0,9.0,0.0,1.3
532,James_Starks,GB,5.0,NYG,home,W 23-16,12.0,33.0,2.8,0.0,6.0,3.0,19.0,6.3,0.0,6.7
534,Jonathan_Stewart,CAR,1.0,DEN,away,L 20-21,15.0,64.0,4.3,0.0,1.0,0.0,0.0,,0.0,6.4
535,Jonathan_Stewart,CAR,2.0,SF,home,W 46-27,5.0,9.0,1.8,0.0,2.0,2.0,7.0,3.5,0.0,2.6
536,Jonathan_Stewart,CAR,6.0,NO,away,L 38-41,19.0,85.0,4.5,2.0,1.0,0.0,0.0,,0.0,20.5
538,Lorenzo_Taliaferro,BAL,2.0,OAK,away,L 33-37,7.0,34.0,4.9,1.0,3.0,3.0,12.0,4.0,0.0,12.1
539,Lorenzo_Taliaferro,BAL,3.0,CIN,home,L 24-28,3.0,0.0,0.0,0.0,1.0,1.0,6.0,6.0,0.0,1.1
540,Lorenzo_Taliaferro,BAL,4.0,PIT,away,W 23-20,3.0,13.0,4.3,0.0,1.0,1.0,11.0,11.0,0.0,2.9
542,Stepfan_Taylor,ARI,5.0,SF,away,W 33-21,2.0,-2.0,-1.0,0.0,0.0,0.0,0.0,,0.0,-0.2
543,Stepfan_Taylor,ARI,6.0,NYJ,home,W 28-3,2.0,14.0,7.0,0.0,0.0,0.0,0.0,,0.0,1.4
544,De'Anthony_Thomas,KC,6.0,OAK,away,W 26-10,0.0,0.0,,0.0,2.0,2.0,14.0,7.0,0.0,2.4
545,De'Anthony_Thomas,KC,7.0,NO,home,W 27-21,0.0,0.0,,0.0,2.0,2.0,12.0,6.0,0.0,2.2
547,Chris_Thompson,WAS,1.0,PIT,home,L 16-38,4.0,23.0,5.8,1.0,2.0,2.0,16.0,8.0,0.0,10.9
548,Chris_Thompson,WAS,2.0,DAL,home,L 23-27,2.0,1.0,0.5,0.0,4.0,3.0,57.0,19.0,0.0,7.3
549,Chris_Thompson,WAS,3.0,NYG,away,W 29-27,6.0,23.0,3.8,0.0,2.0,1.0,-7.0,-7.0,0.0,2.1
550,Chris_Thompson,WAS,4.0,CLE,home,W 31-20,3.0,24.0,8.0,0.0,4.0,2.0,16.0,8.0,1.0,11.0
551,Chris_Thompson,WAS,5.0,BAL,away,W 16-10,2.0,12.0,6.0,0.0,4.0,4.0,33.0,8.3,0.0,6.5
552,Chris_Thompson,WAS,6.0,PHI,home,W 27-20,9.0,37.0,4.1,0.0,3.0,3.0,29.0,9.7,0.0,8.1
553,Chris_Thompson,WAS,7.0,DET,away,L 17-20,12.0,73.0,6.1,0.0,7.0,7.0,40.0,5.7,0.0,14.8
555,Mike_Tolbert,CAR,1.0,DEN,away,L 20-21,2.0,6.0,3.0,0.0,1.0,1.0,1.0,1.0,0.0,1.2
556,Mike_Tolbert,CAR,2.0,SF,home,W 46-27,9.0,25.0,2.8,0.0,1.0,0.0,0.0,,0.0,2.5
557,Mike_Tolbert,CAR,3.0,MIN,home,L 10-22,2.0,5.0,2.5,0.0,3.0,2.0,14.0,7.0,0.0,2.9
558,Mike_Tolbert,CAR,4.0,ATL,away,L 33-48,1.0,1.0,1.0,0.0,1.0,1.0,-2.0,-2.0,0.0,0.4
559,Mike_Tolbert,CAR,5.0,TB,home,L 14-17,1.0,2.0,2.0,0.0,0.0,0.0,0.0,,0.0,0.2
560,Mike_Tolbert,CAR,6.0,NO,away,L 38-41,3.0,12.0,4.0,0.0,0.0,0.0,0.0,,0.0,1.2
561,Fitzgerald_Toussaint,PIT,1.0,WAS,away,W 38-16,3.0,6.0,2.0,0.0,0.0,0.0,0.0,,0.0,0.6
562,Fitzgerald_Toussaint,PIT,2.0,CIN,home,W 24-16,1.0,4.0,4.0,0.0,1.0,1.0,9.0,9.0,0.0,1.8
564,Will_Tukuafu,SEA,10.0,ARI,home,L 32-39,2.0,2.0,1.0,1.0,0.0,0.0,0.0,,0.0,6.2
565,Will_Tukuafu,SEA,13.0,MIN,away,W 38-7,1.0,4.0,4.0,0.0,0.0,0.0,0.0,,0.0,0.4
566,Will_Tukuafu,SEA,16.0,STL,home,L 17-23,1.0,-5.0,-5.0,0.0,0.0,0.0,0.0,,0.0,-2.5
567,Will_Tukuafu,SEA,17.0,ARI,away,W 36-6,0.0,0.0,,0.0,1.0,1.0,7.0,7.0,1.0,7.2
569,Robert_Turbin,IND,1.0,DET,home,L 35-39,1.0,4.0,4.0,0.0,2.0,2.0,15.0,7.5,0.0,2.9
570,Robert_Turbin,IND,2.0,DEN,away,L 20-34,3.0,10.0,3.3,1.0,1.0,0.0,0.0,,0.0,7.0
571,Robert_Turbin,IND,3.0,SD,home,W 26-22,4.0,9.0,2.3,1.0,0.0,0.0,0.0,,0.0,6.9
572,Robert_Turbin,IND,4.0,JAC,away,L 27-30,1.0,2.0,2.0,0.0,3.0,2.0,3.0,1.5,0.0,1.5
573,Robert_Turbin,IND,6.0,HOU,away,L 23-26,3.0,2.0,0.7,0.0,4.0,4.0,22.0,5.5,0.0,4.4
574,Robert_Turbin,IND,7.0,TEN,away,W 34-26,2.0,3.0,1.5,0.0,1.0,1.0,19.0,19.0,0.0,2.7
576,Shane_Vereen,NYG,1.0,DAL,away,W 20-19,6.0,38.0,6.3,0.0,5.0,3.0,23.0,7.7,0.0,7.6
577,Shane_Vereen,NYG,2.0,NO,home,W 16-13,14.0,42.0,3.0,0.0,3.0,3.0,24.0,8.0,0.0,6.1
578,Shane_Vereen,NYG,3.0,WAS,home,L 27-29,11.0,67.0,6.1,1.0,5.0,2.0,28.0,14.0,0.0,14.5
580,Spencer_Ware,KC,1.0,SD,home,W 33-27,11.0,70.0,6.4,1.0,8.0,7.0,129.0,18.4,0.0,29.4
581,Spencer_Ware,KC,2.0,HOU,away,L 12-19,10.0,57.0,5.7,0.0,3.0,2.0,48.0,24.0,0.0,9.5
582,Spencer_Ware,KC,3.0,NYJ,home,W 24-3,20.0,75.0,3.8,0.0,1.0,1.0,8.0,8.0,0.0,6.8
583,Spencer_Ware,KC,4.0,PIT,away,L 14-43,13.0,82.0,6.3,0.0,5.0,1.0,14.0,14.0,0.0,8.1
584,Spencer_Ware,KC,6.0,OAK,away,W 26-10,24.0,131.0,5.5,1.0,2.0,2.0,32.0,16.0,0.0,23.3
585,Spencer_Ware,KC,7.0,NO,home,W 27-21,17.0,77.0,4.5,0.0,2.0,2.0,54.0,27.0,1.0,20.1
587,DeAndre_Washington,OAK,1.0,NO,away,W 35-34,5.0,14.0,2.8,0.0,1.0,1.0,10.0,10.0,0.0,2.9
588,DeAndre_Washington,OAK,2.0,ATL,home,L 28-35,6.0,46.0,7.7,0.0,1.0,1.0,6.0,6.0,0.0,5.7
589,DeAndre_Washington,OAK,3.0,TEN,away,W 17-10,6.0,57.0,9.5,0.0,1.0,1.0,5.0,5.0,0.0,6.7
590,DeAndre_Washington,OAK,4.0,BAL,away,W 28-27,5.0,30.0,6.0,0.0,3.0,3.0,16.0,5.3,0.0,4.1
591,DeAndre_Washington,OAK,5.0,SD,home,W 34-31,9.0,23.0,2.6,0.0,6.0,5.0,29.0,5.8,0.0,7.7
592,DeAndre_Washington,OAK,6.0,KC,home,L 10-26,10.0,49.0,4.9,0.0,1.0,0.0,0.0,,0.0,4.9
593,DeAndre_Washington,OAK,7.0,JAC,away,W 33-16,5.0,16.0,3.2,0.0,2.0,1.0,6.0,6.0,0.0,2.7
595,Dwayne_Washington,DET,1.0,IND,away,W 39-35,2.0,1.0,0.5,1.0,0.0,0.0,0.0,,0.0,6.1
596,Dwayne_Washington,DET,2.0,TEN,home,L 15-16,4.0,31.0,7.8,0.0,0.0,0.0,0.0,,0.0,3.1
597,Dwayne_Washington,DET,3.0,GB,away,L 27-34,10.0,38.0,3.8,0.0,1.0,1.0,-3.0,-3.0,0.0,4.0
598,Dwayne_Washington,DET,4.0,CHI,away,L 14-17,2.0,6.0,3.0,0.0,1.0,1.0,8.0,8.0,0.0,1.9
599,Derek_Watt,SD,3.0,IND,away,L 22-26,0.0,0.0,,0.0,1.0,1.0,6.0,6.0,0.0,1.1
600,Derek_Watt,SD,5.0,OAK,away,L 31-34,1.0,2.0,2.0,0.0,0.0,0.0,0.0,,0.0,0.2
601,Derek_Watt,SD,6.0,DEN,home,W 21-13,0.0,0.0,,0.0,1.0,1.0,8.0,8.0,0.0,1.3
603,Charcandrick_West,KC,1.0,SD,home,W 33-27,3.0,-1.0,-0.3,0.0,6.0,6.0,24.0,4.0,0.0,5.3
604,Charcandrick_West,KC,2.0,HOU,away,L 12-19,6.0,61.0,10.2,0.0,2.0,1.0,2.0,2.0,0.0,6.8
605,Charcandrick_West,KC,3.0,NYJ,home,W 24-3,3.0,3.0,1.0,0.0,3.0,3.0,8.0,2.7,0.0,2.6
606,Charcandrick_West,KC,6.0,OAK,away,W 26-10,3.0,19.0,6.3,0.0,0.0,0.0,0.0,,0.0,1.9
607,Charcandrick_West,KC,7.0,NO,home,W 27-21,4.0,5.0,1.3,0.0,3.0,1.0,3.0,3.0,0.0,1.3
609,Terrance_West,BAL,1.0,BUF,home,W 13-7,12.0,32.0,2.7,0.0,2.0,2.0,6.0,3.0,0.0,4.8
610,Terrance_West,BAL,2.0,CLE,away,W 25-20,11.0,42.0,3.8,0.0,3.0,1.0,15.0,15.0,0.0,6.2
611,Terrance_West,BAL,3.0,JAC,away,W 19-17,10.0,45.0,4.5,0.0,1.0,1.0,8.0,8.0,0.0,5.8
612,Terrance_West,BAL,4.0,OAK,home,L 27-28,21.0,113.0,5.4,1.0,0.0,0.0,0.0,,0.0,17.3
613,Terrance_West,BAL,5.0,WAS,home,L 10-16,11.0,95.0,8.6,0.0,3.0,2.0,-6.0,-3.0,0.0,9.9
614,Terrance_West,BAL,6.0,NYG,away,L 23-27,23.0,87.0,3.8,2.0,6.0,4.0,36.0,9.0,0.0,26.3
615,Terrance_West,BAL,7.0,NYJ,away,L 16-24,8.0,10.0,1.3,0.0,0.0,0.0,0.0,,0.0,1.0
617,James_White,NE,1.0,ARI,away,W 23-21,1.0,4.0,4.0,0.0,7.0,5.0,40.0,8.0,0.0,6.9
618,James_White,NE,2.0,MIA,home,W 31-24,4.0,19.0,4.8,0.0,4.0,2.0,10.0,5.0,0.0,3.9
619,James_White,NE,3.0,HOU,home,W 27-0,3.0,12.0,4.0,0.0,2.0,1.0,2.0,2.0,0.0,1.9
620,James_White,NE,4.0,BUF,home,L 0-16,4.0,12.0,3.0,0.0,5.0,5.0,50.0,10.0,0.0,8.7
621,James_White,NE,5.0,CLE,away,W 33-13,5.0,26.0,5.2,0.0,6.0,4.0,63.0,15.8,0.0,10.9
622,James_White,NE,6.0,CIN,home,W 35-17,7.0,19.0,2.7,0.0,9.0,8.0,47.0,5.9,2.0,22.6
623,James_White,NE,7.0,PIT,away,W 27-16,0.0,0.0,,0.0,5.0,2.0,32.0,16.0,1.0,10.2
625,Fozzy_Whittaker,CAR,1.0,DEN,away,L 20-21,3.0,13.0,4.3,0.0,1.0,1.0,4.0,4.0,0.0,2.2
626,Fozzy_Whittaker,CAR,2.0,SF,home,W 46-27,16.0,100.0,6.3,0.0,4.0,3.0,31.0,10.3,0.0,12.6
627,Fozzy_Whittaker,CAR,3.0,MIN,home,L 10-22,5.0,22.0,4.4,0.0,6.0,5.0,34.0,6.8,0.0,8.1
628,Fozzy_Whittaker,CAR,4.0,ATL,away,L 33-48,3.0,6.0,2.0,0.0,9.0,9.0,86.0,9.6,0.0,13.7
629,Fozzy_Whittaker,CAR,5.0,TB,home,L 14-17,5.0,45.0,9.0,0.0,1.0,1.0,9.0,9.0,0.0,5.9
630,Fozzy_Whittaker,CAR,6.0,NO,away,L 38-41,1.0,-1.0,-1.0,0.0,2.0,1.0,4.0,4.0,0.0,0.8
632,Damien_Williams,MIA,1.0,SEA,away,L 10-12,2.0,9.0,4.5,0.0,2.0,1.0,29.0,29.0,0.0,4.3
633,Damien_Williams,MIA,3.0,CLE,home,W 30-24,1.0,15.0,15.0,0.0,3.0,3.0,10.0,3.3,1.0,10.0
634,Damien_Williams,MIA,4.0,CIN,away,L 7-22,2.0,9.0,4.5,0.0,2.0,1.0,6.0,6.0,0.0,2.0
635,Damien_Williams,MIA,5.0,TEN,home,L 17-30,1.0,3.0,3.0,0.0,2.0,2.0,67.0,33.5,0.0,8.0
636,Damien_Williams,MIA,6.0,PIT,home,W 30-15,6.0,12.0,2.0,1.0,2.0,2.0,5.0,2.5,0.0,8.7
637,Damien_Williams,MIA,7.0,BUF,home,W 28-25,4.0,16.0,4.0,1.0,1.0,0.0,0.0,,0.0,7.6
639,DeAngelo_Williams,PIT,1.0,WAS,away,W 38-16,26.0,143.0,5.5,2.0,9.0,6.0,28.0,4.7,0.0,32.1
640,DeAngelo_Williams,PIT,2.0,CIN,home,W 24-16,32.0,94.0,2.9,0.0,5.0,4.0,38.0,9.5,1.0,21.2
641,DeAngelo_Williams,PIT,3.0,PHI,away,L 3-34,8.0,21.0,2.6,0.0,7.0,4.0,23.0,5.8,0.0,6.4
642,DeAngelo_Williams,PIT,4.0,KC,home,W 43-14,4.0,7.0,1.8,1.0,1.0,1.0,2.0,2.0,0.0,7.4
643,DeAngelo_Williams,PIT,5.0,NYJ,home,W 31-13,1.0,0.0,0.0,0.0,1.0,0.0,0.0,,0.0,0.0
644,DeAngelo_Williams,PIT,6.0,MIA,away,L 15-30,3.0,10.0,3.3,0.0,0.0,0.0,0.0,,0.0,1.0
646,Jonathan_Williams,BUF,3.0,ARI,home,W 33-18,3.0,2.0,0.7,0.0,0.0,0.0,0.0,,0.0,0.2
647,Jonathan_Williams,BUF,6.0,SF,home,W 45-16,5.0,21.0,4.2,0.0,0.0,0.0,0.0,,0.0,0.1
649,Danny_Woodhead,SD,1.0,KC,away,L 27-33,16.0,89.0,5.6,0.0,7.0,5.0,31.0,6.2,1.0,20.5
650,Danny_Woodhead,SD,2.0,JAC,home,W 38-14,3.0,27.0,9.0,0.0,1.0,1.0,4.0,4.0,0.0,3.6
652,T.J._Yeldon,JAC,1.0,GB,home,L 23-27,21.0,39.0,1.9,1.0,6.0,4.0,30.0,7.5,0.0,14.9
653,T.J._Yeldon,JAC,2.0,SD,away,L 14-38,7.0,28.0,4.0,0.0,9.0,8.0,10.0,1.3,0.0,7.8
654,T.J._Yeldon,JAC,3.0,BAL,home,L 17-19,6.0,17.0,2.8,0.0,3.0,2.0,11.0,5.5,0.0,3.8
655,T.J._Yeldon,JAC,4.0,IND,home,W 30-27,14.0,71.0,5.1,0.0,5.0,4.0,46.0,11.5,0.0,13.7
656,T.J._Yeldon,JAC,6.0,CHI,away,W 17-16,6.0,21.0,3.5,0.0,2.0,1.0,5.0,5.0,0.0,3.1
657,T.J._Yeldon,JAC,7.0,OAK,home,L 16-33,6.0,24.0,4.0,0.0,2.0,1.0,4.0,4.0,0.0,3.3
658,T.J._Yeldon,JAC,8.0,TEN,away,L 22-36,3.0,20.0,6.7,0.0,4.0,4.0,36.0,9.0,0.0,7.6
660,Zach_Zenner,DET,4.0,CHI,away,L 14-17,3.0,12.0,4.0,0.0,1.0,1.0,22.0,22.0,0.0,3.9
661,Zach_Zenner,DET,5.0,PHI,home,W 24-23,7.0,9.0,1.3,0.0,2.0,2.0,23.0,11.5,0.0,4.2
662,Zach_Zenner,DET,6.0,LAR,home,W 31-28,14.0,58.0,4.1,0.0,2.0,2.0,19.0,9.5,0.0,8.7
663,Zach_Zenner,DET,7.0,WAS,home,W 20-17,9.0,29.0,3.2,1.0,2.0,0.0,0.0,,0.0,8.9
