,player,team,week,opp,loc,res,targets,receptions,rec_yards,yards_per_rec,rec_TD,fantasy_points
0,Jerell_Adams,NYG,5.0,GB,away,L 16-23,2.0,2.0,27.0,13.5,0.0,3.7
1,Jerell_Adams,NYG,7.0,LAR,away,W 17-10,1.0,1.0,5.0,5.0,0.0,1.0
2,Dwayne_Allen,IND,1.0,DET,home,L 35-39,6.0,4.0,53.0,13.3,1.0,13.3
3,Dwayne_Allen,IND,2.0,DEN,away,L 20-34,4.0,2.0,25.0,12.5,0.0,3.5
4,Dwayne_Allen,IND,3.0,SD,home,W 26-22,5.0,3.0,35.0,11.7,0.0,5.0
5,Dwayne_Allen,IND,4.0,JAC,away,L 27-30,4.0,2.0,20.0,10.0,0.0,3.0
6,Dwayne_Allen,IND,5.0,CHI,home,W 29-23,6.0,6.0,50.0,8.3,1.0,14.0
7,Dwayne_Allen,IND,6.0,HOU,away,L 23-26,2.0,1.0,9.0,9.0,0.0,1.4
8,Gary_Barnidge,CLE,1.0,PHI,away,L 10-29,2.0,0.0,0.0,,0.0,0.0
9,Gary_Barnidge,CLE,2.0,BAL,home,L 20-25,5.0,4.0,37.0,9.3,0.0,5.7
10,Gary_Barnidge,CLE,3.0,MIA,away,L 24-30,6.0,5.0,66.0,13.2,0.0,9.1
11,Gary_Barnidge,CLE,4.0,WAS,away,L 20-31,7.0,7.0,57.0,8.1,0.0,9.2
12,Gary_Barnidge,CLE,5.0,NE,home,L 13-33,8.0,5.0,76.0,15.2,0.0,10.1
13,Gary_Barnidge,CLE,6.0,TEN,away,L 26-28,5.0,3.0,59.0,19.7,0.0,7.4
14,Gary_Barnidge,CLE,7.0,CIN,away,L 17-31,7.0,6.0,66.0,11.0,0.0,9.6
15,Blake_Bell,SF,2.0,CAR,away,L 27-46,2.0,1.0,6.0,6.0,0.0,1.1
16,Blake_Bell,SF,3.0,SEA,away,L 18-37,1.0,0.0,0.0,,0.0,0.0
17,Blake_Bell,SF,5.0,ARI,home,L 21-33,2.0,1.0,4.0,4.0,0.0,0.9
19,Martellus_Bennett,NE,1.0,ARI,away,W 23-21,5.0,3.0,14.0,4.7,0.0,2.9
20,Martellus_Bennett,NE,2.0,MIA,home,W 31-24,6.0,5.0,114.0,22.8,1.0,19.9
21,Martellus_Bennett,NE,3.0,HOU,home,W 27-0,3.0,2.0,10.0,5.0,0.0,2.6
22,Martellus_Bennett,NE,4.0,BUF,home,L 0-16,6.0,5.0,109.0,21.8,0.0,13.4
23,Martellus_Bennett,NE,5.0,CLE,away,W 33-13,8.0,6.0,67.0,11.2,3.0,27.7
24,Martellus_Bennett,NE,6.0,CIN,home,W 35-17,5.0,5.0,48.0,9.6,0.0,7.3
25,Martellus_Bennett,NE,7.0,PIT,away,W 27-16,2.0,1.0,5.0,5.0,0.0,1.0
26,Brandon_Bostick,NYJ,2.0,BUF,away,W 37-31,1.0,0.0,0.0,,0.0,0.0
27,Brandon_Bostick,NYJ,5.0,PIT,away,L 13-31,1.0,1.0,9.0,9.0,0.0,1.4
28,Brandon_Bostick,NYJ,7.0,BAL,home,W 24-16,1.0,0.0,0.0,,0.0,0.0
29,Cameron_Brate,TB,1.0,ATL,away,W 31-24,4.0,3.0,30.0,10.0,0.0,4.5
30,Cameron_Brate,TB,2.0,ARI,away,L 7-40,4.0,3.0,16.0,5.3,0.0,3.1
31,Cameron_Brate,TB,3.0,LAR,home,L 32-37,10.0,5.0,46.0,9.2,2.0,19.1
32,Cameron_Brate,TB,4.0,DEN,home,L 7-27,8.0,5.0,67.0,13.4,0.0,9.2
33,Cameron_Brate,TB,5.0,CAR,away,W 17-14,3.0,1.0,38.0,38.0,0.0,4.3
34,Cameron_Brate,TB,7.0,SF,away,W 34-17,3.0,3.0,29.0,9.7,0.0,4.4
36,Trey_Burton,PHI,2.0,CHI,away,W 29-14,7.0,5.0,49.0,9.8,1.0,13.4
37,Trey_Burton,PHI,3.0,PIT,home,W 34-3,6.0,2.0,19.0,9.5,0.0,2.9
38,Trey_Burton,PHI,5.0,DET,away,L 23-24,2.0,1.0,5.0,5.0,0.0,1.0
39,Trey_Burton,PHI,6.0,WAS,away,L 20-27,1.0,1.0,7.0,7.0,0.0,1.2
40,Trey_Burton,PHI,7.0,MIN,home,W 21-10,1.0,0.0,0.0,,0.0,0.0
41,Jordan_Cameron,MIA,1.0,SEA,away,L 10-12,3.0,2.0,6.0,3.0,0.0,1.6
42,Jordan_Cameron,MIA,2.0,NE,away,L 24-31,7.0,5.0,49.0,9.8,1.0,13.4
43,Jordan_Cameron,MIA,3.0,CLE,home,W 30-24,1.0,1.0,5.0,5.0,0.0,1.0
45,Brent_Celek,PHI,1.0,CLE,home,W 29-10,1.0,1.0,11.0,11.0,0.0,1.6
46,Brent_Celek,PHI,2.0,CHI,away,W 29-14,1.0,0.0,0.0,,0.0,0.0
47,Brent_Celek,PHI,3.0,PIT,home,W 34-3,4.0,3.0,61.0,20.3,0.0,7.6
48,Brent_Celek,PHI,7.0,MIN,home,W 21-10,2.0,1.0,7.0,7.0,0.0,1.2
49,Garrett_Celek,SF,1.0,LAR,home,W 28-0,4.0,1.0,15.0,15.0,0.0,2.0
50,Garrett_Celek,SF,2.0,CAR,away,L 27-46,2.0,1.0,12.0,12.0,0.0,1.7
51,Garrett_Celek,SF,3.0,SEA,away,L 18-37,4.0,3.0,25.0,8.3,0.0,4.0
52,Garrett_Celek,SF,4.0,DAL,home,L 17-24,5.0,5.0,79.0,15.8,0.0,10.4
53,Garrett_Celek,SF,5.0,ARI,home,L 21-33,6.0,1.0,4.0,4.0,0.0,0.9
54,Garrett_Celek,SF,7.0,TB,home,L 17-34,3.0,1.0,4.0,4.0,0.0,0.9
55,Charles_Clay,BUF,1.0,BAL,away,L 7-13,3.0,2.0,40.0,20.0,0.0,5.0
56,Charles_Clay,BUF,2.0,NYJ,home,L 31-37,7.0,5.0,27.0,5.4,0.0,5.2
57,Charles_Clay,BUF,3.0,ARI,home,W 33-18,2.0,0.0,0.0,,0.0,0.0
58,Charles_Clay,BUF,4.0,NE,away,W 16-0,7.0,5.0,47.0,9.4,0.0,7.2
59,Charles_Clay,BUF,5.0,LAR,away,W 30-19,5.0,5.0,73.0,14.6,0.0,9.8
60,Charles_Clay,BUF,6.0,SF,home,W 45-16,7.0,5.0,52.0,10.4,0.0,7.7
61,Charles_Clay,BUF,7.0,MIA,away,L 25-28,5.0,2.0,29.0,14.5,0.0,3.9
63,Jared_Cook,GB,1.0,JAC,away,W 27-23,2.0,1.0,7.0,7.0,0.0,1.2
64,Jared_Cook,GB,2.0,MIN,away,L 14-17,6.0,4.0,31.0,7.8,0.0,5.1
65,Jared_Cook,GB,3.0,DET,home,W 34-27,3.0,1.0,15.0,15.0,0.0,2.0
66,Kellen_Davis,NYJ,1.0,CIN,home,L 22-23,0.0,0.0,0.0,,0.0,0.0
67,Kellen_Davis,NYJ,2.0,BUF,away,W 37-31,1.0,0.0,0.0,,0.0,0.0
68,Kellen_Davis,NYJ,3.0,KC,away,L 3-24,0.0,0.0,0.0,,0.0,0.0
69,Kellen_Davis,NYJ,6.0,ARI,away,L 3-28,0.0,0.0,0.0,,0.0,0.0
71,Vernon_Davis,WAS,1.0,PIT,home,L 16-38,1.0,1.0,20.0,20.0,0.0,2.5
72,Vernon_Davis,WAS,2.0,DAL,home,L 23-27,5.0,5.0,51.0,10.2,0.0,7.6
73,Vernon_Davis,WAS,4.0,CLE,home,W 31-20,1.0,1.0,8.0,8.0,0.0,1.3
74,Vernon_Davis,WAS,5.0,BAL,away,W 16-10,4.0,3.0,15.0,5.0,0.0,3.0
75,Vernon_Davis,WAS,6.0,PHI,home,W 27-20,4.0,2.0,50.0,25.0,1.0,12.0
76,Vernon_Davis,WAS,7.0,DET,away,L 17-20,6.0,6.0,79.0,13.2,0.0,10.9
77,Ed_Dickson,CAR,2.0,SF,home,W 46-27,1.0,0.0,0.0,,0.0,0.0
78,Ed_Dickson,CAR,3.0,MIN,home,L 10-22,1.0,1.0,23.0,23.0,0.0,2.8
79,Ed_Dickson,CAR,4.0,ATL,away,L 33-48,2.0,2.0,17.0,8.5,0.0,2.7
80,Ed_Dickson,CAR,6.0,NO,away,L 38-41,4.0,3.0,23.0,7.7,1.0,9.8
81,Larry_Donnell,NYG,1.0,DAL,away,W 20-19,2.0,1.0,15.0,15.0,1.0,8.0
82,Larry_Donnell,NYG,2.0,NO,home,W 16-13,5.0,4.0,24.0,6.0,0.0,4.4
83,Larry_Donnell,NYG,3.0,WAS,home,L 27-29,4.0,3.0,11.0,3.7,0.0,2.6
84,Larry_Donnell,NYG,6.0,BAL,home,W 27-23,7.0,6.0,34.0,5.7,0.0,6.4
85,Larry_Donnell,NYG,7.0,LAR,away,W 17-10,3.0,1.0,8.0,8.0,0.0,-0.7
87,Jack_Doyle,IND,1.0,DET,home,L 35-39,4.0,3.0,35.0,11.7,2.0,17.0
88,Jack_Doyle,IND,2.0,DEN,away,L 20-34,5.0,4.0,37.0,9.3,0.0,5.7
89,Jack_Doyle,IND,3.0,SD,home,W 26-22,6.0,6.0,65.0,10.8,0.0,9.5
90,Jack_Doyle,IND,4.0,JAC,away,L 27-30,1.0,1.0,6.0,6.0,0.0,1.1
91,Jack_Doyle,IND,5.0,CHI,home,W 29-23,3.0,2.0,8.0,4.0,0.0,1.8
92,Jack_Doyle,IND,6.0,HOU,away,L 23-26,4.0,4.0,53.0,13.3,1.0,13.3
93,Jack_Doyle,IND,7.0,TEN,away,W 34-26,10.0,9.0,78.0,8.7,1.0,18.3
95,Eric_Ebron,DET,1.0,IND,away,W 39-35,5.0,5.0,46.0,9.2,1.0,13.1
96,Eric_Ebron,DET,2.0,TEN,home,L 15-16,7.0,4.0,53.0,13.3,0.0,7.3
97,Eric_Ebron,DET,3.0,GB,away,L 27-34,8.0,5.0,69.0,13.8,0.0,9.4
98,Eric_Ebron,DET,4.0,CHI,away,L 14-17,5.0,4.0,42.0,10.5,0.0,6.2
100,Tyler_Eifert,CIN,7.0,CLE,home,W 31-17,2.0,1.0,9.0,9.0,0.0,1.4
101,Rhett_Ellison,MIN,3.0,CAR,away,W 22-10,1.0,1.0,18.0,18.0,0.0,2.3
102,Rhett_Ellison,MIN,4.0,NYG,home,W 24-10,1.0,1.0,2.0,2.0,0.0,0.7
104,Zach_Ertz,PHI,1.0,CLE,home,W 29-10,7.0,6.0,58.0,9.7,0.0,8.8
105,Zach_Ertz,PHI,5.0,DET,away,L 23-24,3.0,3.0,37.0,12.3,0.0,5.2
106,Zach_Ertz,PHI,6.0,WAS,away,L 20-27,3.0,1.0,22.0,22.0,0.0,2.7
107,Zach_Ertz,PHI,7.0,MIN,home,W 21-10,3.0,1.0,14.0,14.0,0.0,1.9
108,Anthony_Fasano,TEN,2.0,DET,away,W 16-15,3.0,1.0,1.0,1.0,0.0,0.6
109,Anthony_Fasano,TEN,4.0,HOU,away,L 20-27,1.0,0.0,0.0,,0.0,0.0
110,Anthony_Fasano,TEN,5.0,MIA,away,W 30-17,1.0,1.0,10.0,10.0,0.0,1.5
111,Anthony_Fasano,TEN,6.0,CLE,home,W 28-26,1.0,1.0,15.0,15.0,1.0,8.0
112,Anthony_Fasano,TEN,7.0,IND,home,L 26-34,2.0,1.0,10.0,10.0,0.0,1.5
113,Darren_Fells,ARI,2.0,TB,home,W 40-7,5.0,4.0,31.0,7.8,0.0,5.1
114,Darren_Fells,ARI,3.0,BUF,away,L 18-33,2.0,2.0,15.0,7.5,0.0,2.5
115,Darren_Fells,ARI,4.0,LAR,home,L 13-17,2.0,2.0,7.0,3.5,0.0,1.7
116,Darren_Fells,ARI,6.0,NYJ,home,W 28-3,1.0,1.0,8.0,8.0,0.0,1.3
118,C.J._Fiedorowicz,HOU,1.0,CHI,home,W 23-14,2.0,1.0,6.0,6.0,0.0,1.1
119,C.J._Fiedorowicz,HOU,2.0,KC,home,W 19-12,1.0,1.0,1.0,1.0,0.0,0.6
120,C.J._Fiedorowicz,HOU,3.0,NE,away,L 0-27,1.0,0.0,0.0,,0.0,0.0
121,C.J._Fiedorowicz,HOU,4.0,TEN,home,W 27-20,5.0,4.0,48.0,12.0,1.0,12.8
122,C.J._Fiedorowicz,HOU,5.0,MIN,away,L 13-31,8.0,4.0,61.0,15.3,0.0,8.1
123,C.J._Fiedorowicz,HOU,6.0,IND,home,W 26-23,7.0,6.0,85.0,14.2,1.0,17.5
124,C.J._Fiedorowicz,HOU,7.0,DEN,away,L 9-27,7.0,5.0,35.0,7.0,0.0,6.0
126,Coby_Fleener,NO,1.0,OAK,home,L 34-35,4.0,1.0,6.0,6.0,0.0,1.1
127,Coby_Fleener,NO,2.0,NYG,away,L 13-16,8.0,2.0,29.0,14.5,0.0,3.9
128,Coby_Fleener,NO,3.0,ATL,home,L 32-45,11.0,7.0,109.0,15.6,1.0,20.4
129,Coby_Fleener,NO,4.0,SD,away,W 35-34,5.0,3.0,19.0,6.3,0.0,3.4
130,Coby_Fleener,NO,6.0,CAR,home,W 41-38,7.0,6.0,74.0,12.3,1.0,22.6
131,Coby_Fleener,NO,7.0,KC,away,L 21-27,2.0,2.0,44.0,22.0,0.0,5.4
133,Antonio_Gates,SD,1.0,KC,away,L 27-33,4.0,3.0,20.0,6.7,0.0,3.5
134,Antonio_Gates,SD,2.0,JAC,home,W 38-14,5.0,3.0,15.0,5.0,1.0,9.0
135,Antonio_Gates,SD,5.0,OAK,away,L 31-34,5.0,4.0,30.0,7.5,1.0,9.0
136,Antonio_Gates,SD,6.0,DEN,home,W 21-13,6.0,2.0,16.0,8.0,0.0,2.6
137,Antonio_Gates,SD,7.0,ATL,away,W 33-30,10.0,5.0,38.0,7.6,0.0,6.3
138,Crockett_Gillmore,BAL,1.0,BUF,home,W 13-7,1.0,1.0,5.0,5.0,0.0,1.0
139,Crockett_Gillmore,BAL,2.0,CLE,away,W 25-20,3.0,1.0,22.0,22.0,0.0,2.7
140,Crockett_Gillmore,BAL,4.0,OAK,home,L 27-28,2.0,2.0,16.0,8.0,0.0,2.6
141,Crockett_Gillmore,BAL,5.0,WAS,home,L 10-16,7.0,4.0,28.0,7.0,1.0,10.8
142,Crockett_Gillmore,BAL,6.0,NYG,away,L 23-27,1.0,0.0,0.0,,0.0,0.0
144,Jimmy_Graham,SEA,1.0,MIA,home,W 12-10,1.0,1.0,11.0,11.0,0.0,1.6
145,Jimmy_Graham,SEA,2.0,LAR,away,L 3-9,4.0,3.0,42.0,14.0,0.0,5.7
146,Jimmy_Graham,SEA,3.0,SF,home,W 37-18,9.0,6.0,100.0,16.7,1.0,17.0
147,Jimmy_Graham,SEA,4.0,NYJ,away,W 27-17,8.0,6.0,113.0,18.8,0.0,14.3
148,Jimmy_Graham,SEA,6.0,ATL,home,W 26-24,9.0,6.0,89.0,14.8,0.0,11.9
149,Jimmy_Graham,SEA,7.0,ARI,away,T 6-6,10.0,5.0,53.0,10.6,0.0,7.8
151,MarQueis_Gray,MIA,4.0,NYG,home,L 10-24,1.0,1.0,2.0,2.0,0.0,0.7
153,Virgil_Green,DEN,1.0,CAR,home,W 21-20,5.0,4.0,28.0,7.0,0.0,4.8
154,Virgil_Green,DEN,2.0,IND,home,W 34-20,3.0,3.0,46.0,15.3,0.0,6.1
155,Virgil_Green,DEN,6.0,SD,away,L 13-21,4.0,3.0,21.0,7.0,0.0,3.6
157,Jermaine_Gresham,ARI,1.0,NO,home,W 31-19,1.0,1.0,4.0,4.0,0.0,0.9
158,Jermaine_Gresham,ARI,2.0,CHI,away,W 48-23,1.0,1.0,5.0,5.0,0.0,1.0
159,Jermaine_Gresham,ARI,3.0,SF,home,W 47-7,3.0,2.0,34.0,17.0,0.0,4.4
160,Jermaine_Gresham,ARI,4.0,STL,home,L 22-24,3.0,1.0,8.0,8.0,0.0,1.3
161,Jermaine_Gresham,ARI,5.0,DET,away,W 42-17,1.0,0.0,0.0,,0.0,0.0
162,Jermaine_Gresham,ARI,6.0,PIT,away,L 13-25,1.0,0.0,0.0,,0.0,0.0
163,Jermaine_Gresham,ARI,7.0,BAL,home,W 26-18,6.0,4.0,62.0,15.5,0.0,8.2
164,Jermaine_Gresham,ARI,8.0,CLE,away,W 34-20,4.0,2.0,19.0,9.5,0.0,2.9
165,Jermaine_Gresham,ARI,10.0,SEA,away,W 39-32,3.0,2.0,26.0,13.0,1.0,9.6
166,Jermaine_Gresham,ARI,12.0,SF,away,W 19-13,3.0,1.0,9.0,9.0,0.0,1.4
167,Jermaine_Gresham,ARI,13.0,STL,away,W 27-3,1.0,1.0,13.0,13.0,0.0,1.8
168,Jermaine_Gresham,ARI,16.0,GB,home,W 38-8,2.0,1.0,7.0,7.0,0.0,1.2
169,Jermaine_Gresham,ARI,17.0,SEA,home,L 6-36,3.0,2.0,36.0,18.0,0.0,4.6
170,Ryan_Griffin,HOU,1.0,CHI,home,W 23-14,2.0,2.0,17.0,8.5,0.0,2.7
171,Ryan_Griffin,HOU,2.0,KC,home,W 19-12,2.0,1.0,5.0,5.0,0.0,1.0
172,Ryan_Griffin,HOU,3.0,NE,away,L 0-27,10.0,8.0,52.0,6.5,0.0,9.2
173,Ryan_Griffin,HOU,4.0,TEN,home,W 27-20,5.0,3.0,54.0,18.0,0.0,6.9
174,Ryan_Griffin,HOU,5.0,MIN,away,L 13-31,6.0,2.0,8.0,4.0,0.0,1.8
175,Ryan_Griffin,HOU,6.0,IND,home,W 26-23,5.0,3.0,31.0,10.3,0.0,4.6
176,Ryan_Griffin,HOU,7.0,DEN,away,L 9-27,5.0,2.0,13.0,6.5,0.0,2.3
178,Rob_Gronkowski,NE,3.0,HOU,home,W 27-0,1.0,0.0,0.0,,0.0,0.0
179,Rob_Gronkowski,NE,4.0,BUF,home,L 0-16,2.0,1.0,11.0,11.0,0.0,1.6
180,Rob_Gronkowski,NE,5.0,CLE,away,W 33-13,7.0,5.0,109.0,21.8,0.0,13.4
181,Rob_Gronkowski,NE,6.0,CIN,home,W 35-17,9.0,7.0,162.0,23.1,1.0,25.7
182,Rob_Gronkowski,NE,7.0,PIT,away,W 27-16,4.0,4.0,93.0,23.3,1.0,17.3
183,Clay_Harbor,DET,6.0,LAR,home,W 31-28,1.0,1.0,3.0,3.0,0.0,0.8
184,Clay_Harbor,DET,7.0,WAS,home,W 20-17,2.0,2.0,16.0,8.0,0.0,2.6
185,Demetrius_Harris,KC,1.0,SD,home,W 33-27,3.0,2.0,20.0,10.0,0.0,3.0
186,Demetrius_Harris,KC,2.0,HOU,away,L 12-19,1.0,0.0,0.0,,0.0,0.0
187,Demetrius_Harris,KC,3.0,NYJ,home,W 24-3,3.0,2.0,14.0,7.0,0.0,2.4
188,Demetrius_Harris,KC,4.0,PIT,away,L 14-43,1.0,1.0,12.0,12.0,0.0,1.7
189,Demetrius_Harris,KC,6.0,OAK,away,W 26-10,2.0,1.0,11.0,11.0,0.0,1.6
190,Demetrius_Harris,KC,7.0,NO,home,W 27-21,3.0,1.0,10.0,10.0,0.0,1.5
192,Hunter_Henry,SD,1.0,KC,away,L 27-33,2.0,1.0,20.0,20.0,0.0,2.5
193,Hunter_Henry,SD,3.0,IND,away,L 22-26,5.0,5.0,76.0,15.2,0.0,8.1
194,Hunter_Henry,SD,4.0,NO,home,L 34-35,7.0,4.0,61.0,15.3,1.0,14.1
195,Hunter_Henry,SD,5.0,OAK,away,L 31-34,4.0,3.0,74.0,24.7,1.0,14.9
196,Hunter_Henry,SD,6.0,DEN,home,W 21-13,8.0,6.0,83.0,13.8,1.0,17.3
197,Hunter_Henry,SD,7.0,ATL,away,W 33-30,3.0,1.0,16.0,16.0,0.0,2.1
199,Jeff_Heuerman,DEN,3.0,CIN,away,W 29-17,1.0,1.0,29.0,29.0,0.0,3.4
200,Jeff_Heuerman,DEN,4.0,TB,away,W 27-7,1.0,1.0,19.0,19.0,0.0,2.4
201,Jeff_Heuerman,DEN,5.0,ATL,home,L 16-23,1.0,0.0,0.0,,0.0,0.0
202,Tyler_Higbee,LAR,1.0,SF,away,L 0-28,4.0,1.0,2.0,2.0,0.0,0.7
203,Tyler_Higbee,LAR,4.0,ARI,away,W 17-13,1.0,0.0,0.0,,0.0,0.0
204,Tyler_Higbee,LAR,5.0,BUF,home,L 19-30,1.0,0.0,0.0,,0.0,0.0
205,Tyler_Higbee,LAR,7.0,NYG,home,L 10-17,1.0,1.0,4.0,4.0,0.0,0.9
207,Josh_Hill,NO,6.0,CAR,home,W 41-38,5.0,2.0,23.0,11.5,1.0,9.3
208,Josh_Hill,NO,7.0,KC,away,L 21-27,1.0,1.0,6.0,6.0,0.0,1.1
209,Austin_Hooper,ATL,1.0,TB,home,L 24-31,1.0,1.0,14.0,14.0,0.0,1.9
210,Austin_Hooper,ATL,2.0,OAK,away,W 35-28,3.0,3.0,84.0,28.0,0.0,9.9
211,Austin_Hooper,ATL,4.0,CAR,home,W 48-33,1.0,1.0,42.0,42.0,1.0,10.7
212,Austin_Hooper,ATL,5.0,DEN,away,W 23-16,1.0,1.0,14.0,14.0,0.0,1.9
214,Jesse_James,PIT,1.0,WAS,away,W 38-16,7.0,5.0,31.0,6.2,0.0,5.6
215,Jesse_James,PIT,2.0,CIN,home,W 24-16,5.0,3.0,29.0,9.7,1.0,10.4
216,Jesse_James,PIT,3.0,PHI,away,L 3-34,4.0,2.0,10.0,5.0,0.0,2.0
217,Jesse_James,PIT,4.0,KC,home,W 43-14,2.0,2.0,15.0,7.5,1.0,8.5
218,Jesse_James,PIT,5.0,NYJ,home,W 31-13,8.0,6.0,43.0,7.2,1.0,13.3
219,Jesse_James,PIT,6.0,MIA,away,L 15-30,3.0,2.0,13.0,6.5,0.0,2.3
220,Jesse_James,PIT,7.0,NE,home,L 16-27,2.0,2.0,18.0,9.0,0.0,2.8
222,David_Johnson,PIT,3.0,MIN,away,L 14-31,0.0,0.0,0.0,,0.0,0.2
223,David_Johnson,PIT,4.0,CLE,home,W 30-27,1.0,0.0,0.0,,0.0,0.0
224,David_Johnson,PIT,13.0,DEN,home,L 3-17,0.0,0.0,0.0,,0.0,0.2
225,David_Johnson,PIT,16.0,OAK,away,L 20-23,1.0,1.0,4.0,4.0,0.0,-1.1
226,Travis_Kelce,KC,1.0,SD,home,W 33-27,7.0,6.0,74.0,12.3,0.0,10.4
227,Travis_Kelce,KC,2.0,HOU,away,L 12-19,7.0,5.0,34.0,6.8,0.0,5.9
228,Travis_Kelce,KC,3.0,NYJ,home,W 24-3,7.0,6.0,89.0,14.8,1.0,17.9
229,Travis_Kelce,KC,4.0,PIT,away,L 14-43,8.0,5.0,23.0,4.6,1.0,10.8
230,Travis_Kelce,KC,6.0,OAK,away,W 26-10,3.0,3.0,32.0,10.7,0.0,4.7
231,Travis_Kelce,KC,7.0,NO,home,W 27-21,3.0,2.0,24.0,12.0,0.0,3.4
232,Lance_Kendricks,LAR,1.0,SF,away,L 0-28,3.0,2.0,15.0,7.5,0.0,2.5
233,Lance_Kendricks,LAR,2.0,SEA,home,W 9-3,6.0,4.0,61.0,15.3,0.0,8.1
234,Lance_Kendricks,LAR,3.0,TB,away,W 37-32,4.0,0.0,0.0,,0.0,0.0
235,Lance_Kendricks,LAR,4.0,ARI,away,W 17-13,7.0,5.0,52.0,10.4,0.0,7.7
236,Lance_Kendricks,LAR,5.0,BUF,home,L 19-30,3.0,2.0,24.0,12.0,0.0,3.4
237,Lance_Kendricks,LAR,6.0,DET,away,L 28-31,8.0,5.0,34.0,6.8,1.0,11.9
238,Lance_Kendricks,LAR,7.0,NYG,home,L 10-17,9.0,7.0,55.0,7.9,0.0,9.0
239,Tyler_Kroft,CIN,2.0,PIT,away,L 16-24,4.0,3.0,35.0,11.7,0.0,5.0
240,Tyler_Kroft,CIN,5.0,DAL,away,L 14-28,3.0,3.0,29.0,9.7,0.0,4.4
241,Tyler_Kroft,CIN,6.0,NE,away,L 17-35,2.0,2.0,19.0,9.5,0.0,2.9
242,Tyler_Kroft,CIN,7.0,CLE,home,W 31-17,1.0,1.0,3.0,3.0,0.0,0.8
244,Khari_Lee,CHI,5.0,KC,away,W 18-17,1.0,0.0,0.0,,0.0,0.0
245,Khari_Lee,CHI,12.0,GB,away,W 17-13,1.0,1.0,7.0,7.0,0.0,1.2
246,Khari_Lee,CHI,14.0,WAS,home,L 21-24,1.0,0.0,0.0,,0.0,0.0
248,Marcedes_Lewis,JAC,1.0,GB,home,L 23-27,2.0,2.0,48.0,24.0,0.0,5.8
249,Marcedes_Lewis,JAC,2.0,SD,away,L 14-38,3.0,2.0,17.0,8.5,1.0,8.7
250,Marcedes_Lewis,JAC,3.0,BAL,home,L 17-19,3.0,3.0,20.0,6.7,0.0,3.5
251,Marcedes_Lewis,JAC,4.0,IND,home,W 30-27,2.0,1.0,12.0,12.0,0.0,1.7
252,Marcedes_Lewis,JAC,6.0,CHI,away,W 17-16,1.0,0.0,0.0,,0.0,0.0
253,Marcedes_Lewis,JAC,7.0,OAK,home,L 16-33,3.0,1.0,11.0,11.0,0.0,1.6
254,Marcedes_Lewis,JAC,8.0,TEN,away,L 22-36,6.0,4.0,23.0,5.8,0.0,4.3
256,Vance_McDonald,SF,1.0,LAR,home,W 28-0,3.0,2.0,14.0,7.0,1.0,8.4
257,Vance_McDonald,SF,2.0,CAR,away,L 27-46,2.0,1.0,75.0,75.0,1.0,14.0
258,Vance_McDonald,SF,3.0,SEA,away,L 18-37,2.0,2.0,4.0,2.0,0.0,1.4
259,Vance_McDonald,SF,6.0,BUF,away,L 16-45,2.0,2.0,25.0,12.5,0.0,3.5
260,Vance_McDonald,SF,7.0,TB,home,L 17-34,6.0,1.0,24.0,24.0,0.0,2.9
261,Sean_McGrath,SD,3.0,IND,away,L 22-26,1.0,1.0,13.0,13.0,0.0,1.8
263,Zach_Miller,CHI,1.0,HOU,away,L 14-23,4.0,3.0,14.0,4.7,0.0,2.9
264,Zach_Miller,CHI,2.0,PHI,home,L 14-29,5.0,4.0,33.0,8.3,0.0,5.3
265,Zach_Miller,CHI,3.0,DAL,away,L 17-31,9.0,8.0,78.0,9.8,2.0,23.8
266,Zach_Miller,CHI,4.0,DET,home,W 17-14,3.0,3.0,31.0,10.3,1.0,10.6
267,Zach_Miller,CHI,5.0,IND,away,L 23-29,8.0,7.0,73.0,10.4,0.0,10.8
268,Zach_Miller,CHI,6.0,JAC,home,L 16-17,10.0,6.0,36.0,6.0,0.0,6.6
269,Zach_Miller,CHI,7.0,GB,away,L 10-26,5.0,2.0,40.0,20.0,0.0,5.0
270,Brandon_Myers,TB,1.0,ATL,away,W 31-24,1.0,1.0,4.0,4.0,1.0,6.9
271,Brandon_Myers,TB,3.0,LAR,home,L 32-37,3.0,1.0,7.0,7.0,0.0,1.2
272,Brandon_Myers,TB,5.0,CAR,away,W 17-14,1.0,1.0,12.0,12.0,0.0,1.7
273,Troy_Niklas,ARI,2.0,TB,home,W 40-7,1.0,0.0,0.0,,0.0,0.0
274,Troy_Niklas,ARI,3.0,BUF,away,L 18-33,1.0,1.0,0.0,0.0,0.0,0.5
276,Nick_O'Leary,BUF,15.0,WAS,away,L 25-35,1.0,1.0,37.0,37.0,0.0,4.2
277,Nick_O'Leary,BUF,16.0,DAL,home,W 16-6,1.0,0.0,0.0,,0.0,0.0
278,Nick_O'Leary,BUF,17.0,NYJ,home,W 22-17,1.0,0.0,0.0,,0.0,0.0
280,Greg_Olsen,CAR,1.0,DEN,away,L 20-21,9.0,7.0,73.0,10.4,0.0,10.8
281,Greg_Olsen,CAR,2.0,SF,home,W 46-27,8.0,5.0,122.0,24.4,1.0,20.7
282,Greg_Olsen,CAR,3.0,MIN,home,L 10-22,10.0,6.0,64.0,10.7,0.0,9.4
283,Greg_Olsen,CAR,4.0,ATL,away,L 33-48,13.0,6.0,76.0,12.7,1.0,16.6
284,Greg_Olsen,CAR,5.0,TB,home,L 14-17,13.0,9.0,181.0,20.1,0.0,22.6
285,Greg_Olsen,CAR,6.0,NO,away,L 38-41,7.0,6.0,94.0,15.7,0.0,12.4
286,Niles_Paul,WAS,2.0,DAL,home,L 23-27,1.0,1.0,16.0,16.0,0.0,2.1
287,Niles_Paul,WAS,7.0,DET,away,L 17-20,1.0,1.0,11.0,11.0,0.0,1.6
288,Logan_Paulsen,CHI,1.0,HOU,away,L 14-23,1.0,0.0,0.0,,0.0,0.0
289,Logan_Paulsen,CHI,4.0,DET,home,W 17-14,3.0,2.0,10.0,5.0,0.0,2.0
290,Logan_Paulsen,CHI,5.0,IND,away,L 23-29,1.0,0.0,0.0,,0.0,0.0
291,Justin_Perillo,GB,3.0,DET,home,W 34-27,1.0,1.0,13.0,13.0,0.0,1.8
292,Justin_Perillo,GB,6.0,DAL,home,L 16-30,1.0,1.0,4.0,4.0,0.0,0.9
294,Dennis_Pitta,BAL,1.0,BUF,home,W 13-7,4.0,3.0,39.0,13.0,0.0,5.4
295,Dennis_Pitta,BAL,2.0,CLE,away,W 25-20,12.0,9.0,102.0,11.3,0.0,14.7
296,Dennis_Pitta,BAL,3.0,JAC,away,W 19-17,8.0,6.0,42.0,7.0,0.0,7.2
297,Dennis_Pitta,BAL,4.0,OAK,home,L 27-28,5.0,3.0,17.0,5.7,0.0,3.2
298,Dennis_Pitta,BAL,5.0,WAS,home,L 10-16,8.0,7.0,59.0,8.4,0.0,9.4
299,Dennis_Pitta,BAL,6.0,NYG,away,L 23-27,10.0,6.0,36.0,6.0,0.0,6.6
300,Dennis_Pitta,BAL,7.0,NYJ,away,L 16-24,10.0,4.0,40.0,10.0,0.0,6.0
301,MyCole_Pruitt,MIN,4.0,NYG,home,W 24-10,1.0,1.0,7.0,7.0,0.0,1.2
303,Jordan_Reed,WAS,1.0,PIT,home,L 16-38,11.0,7.0,64.0,9.1,0.0,9.9
304,Jordan_Reed,WAS,2.0,DAL,home,L 23-27,7.0,5.0,70.0,14.0,0.0,9.5
305,Jordan_Reed,WAS,3.0,NYG,away,W 29-27,7.0,4.0,56.0,14.0,0.0,7.6
306,Jordan_Reed,WAS,4.0,CLE,home,W 31-20,10.0,9.0,73.0,8.1,2.0,23.8
307,Jordan_Reed,WAS,5.0,BAL,away,W 16-10,11.0,8.0,53.0,6.6,0.0,9.3
308,Mychal_Rivera,OAK,4.0,BAL,away,W 28-27,1.0,1.0,1.0,1.0,0.0,0.6
309,Mychal_Rivera,OAK,6.0,KC,home,L 10-26,2.0,1.0,16.0,16.0,0.0,2.1
310,Mychal_Rivera,OAK,7.0,JAC,away,W 33-16,1.0,1.0,13.0,13.0,0.0,1.8
312,Richard_Rodgers,GB,1.0,JAC,away,W 27-23,3.0,1.0,22.0,22.0,0.0,2.7
313,Richard_Rodgers,GB,2.0,MIN,away,L 14-17,2.0,2.0,25.0,12.5,0.0,3.5
314,Richard_Rodgers,GB,3.0,DET,home,W 34-27,3.0,2.0,9.0,4.5,1.0,7.9
315,Richard_Rodgers,GB,5.0,NYG,home,W 23-16,5.0,1.0,6.0,6.0,0.0,1.1
316,Richard_Rodgers,GB,6.0,DAL,home,L 16-30,3.0,2.0,15.0,7.5,0.0,2.5
317,Richard_Rodgers,GB,7.0,CHI,home,W 26-10,1.0,1.0,7.0,7.0,0.0,1.2
319,Kyle_Rudolph,MIN,1.0,TEN,away,W 25-16,8.0,4.0,65.0,16.3,0.0,8.5
320,Kyle_Rudolph,MIN,2.0,GB,home,W 17-14,8.0,3.0,31.0,10.3,1.0,10.6
321,Kyle_Rudolph,MIN,3.0,CAR,away,W 22-10,10.0,7.0,70.0,10.0,1.0,16.5
322,Kyle_Rudolph,MIN,4.0,NYG,home,W 24-10,7.0,5.0,55.0,11.0,1.0,14.0
323,Kyle_Rudolph,MIN,5.0,HOU,home,W 31-13,4.0,2.0,15.0,7.5,0.0,2.5
324,Kyle_Rudolph,MIN,7.0,PHI,away,L 10-21,11.0,5.0,55.0,11.0,0.0,8.0
326,Austin_Seferian-Jenkins,NYJ,1.0,ATL,away,W 31-24,1.0,1.0,30.0,30.0,1.0,9.5
327,Austin_Seferian-Jenkins,NYJ,2.0,ARI,away,L 7-40,2.0,2.0,14.0,7.0,0.0,2.4
328,Austin_Seferian-Jenkins,NYJ,5.0,PIT,away,L 13-31,2.0,2.0,17.0,8.5,0.0,2.7
329,Dion_Sims,MIA,2.0,NE,away,L 24-31,1.0,1.0,21.0,21.0,0.0,2.6
330,Dion_Sims,MIA,3.0,CLE,home,W 30-24,4.0,4.0,46.0,11.5,0.0,6.6
331,Dion_Sims,MIA,4.0,CIN,away,L 7-22,2.0,1.0,9.0,9.0,0.0,1.4
332,Dion_Sims,MIA,5.0,TEN,home,L 17-30,3.0,1.0,6.0,6.0,0.0,1.1
333,Dion_Sims,MIA,6.0,PIT,home,W 30-15,2.0,1.0,12.0,12.0,0.0,1.7
334,Lee_Smith,OAK,2.0,ATL,home,L 28-35,4.0,4.0,24.0,6.0,0.0,4.4
335,Lee_Smith,OAK,3.0,TEN,away,W 17-10,1.0,1.0,4.0,4.0,0.0,0.9
336,Lee_Smith,OAK,4.0,BAL,away,W 28-27,1.0,1.0,1.0,1.0,0.0,0.6
338,Phillip_Supernaw,TEN,11.0,JAC,away,L 13-19,2.0,2.0,16.0,8.0,0.0,0.6
339,Phillip_Supernaw,TEN,14.0,NYJ,away,L 8-30,2.0,1.0,16.0,16.0,0.0,2.1
341,Geoff_Swaim,DAL,2.0,PHI,away,W 20-10,1.0,1.0,0.0,0.0,0.0,0.5
343,Jacob_Tamme,ATL,1.0,TB,home,L 24-31,8.0,6.0,51.0,8.5,0.0,8.1
344,Jacob_Tamme,ATL,2.0,OAK,away,W 35-28,8.0,5.0,75.0,15.0,1.0,16.0
345,Jacob_Tamme,ATL,3.0,NO,away,W 45-32,4.0,3.0,28.0,9.3,0.0,4.3
346,Jacob_Tamme,ATL,4.0,CAR,home,W 48-33,2.0,2.0,3.0,1.5,1.0,7.3
347,Jacob_Tamme,ATL,5.0,DEN,away,W 23-16,1.0,1.0,1.0,1.0,0.0,0.6
348,Jacob_Tamme,ATL,6.0,SEA,away,L 24-26,3.0,2.0,16.0,8.0,0.0,2.6
349,Jacob_Tamme,ATL,7.0,SD,home,L 30-33,3.0,1.0,17.0,17.0,1.0,8.2
351,Julius_Thomas,JAC,1.0,GB,home,L 23-27,5.0,5.0,64.0,12.8,1.0,14.9
352,Julius_Thomas,JAC,2.0,SD,away,L 14-38,7.0,4.0,71.0,17.8,0.0,9.1
353,Julius_Thomas,JAC,3.0,BAL,home,L 17-19,5.0,2.0,13.0,6.5,0.0,2.3
354,Julius_Thomas,JAC,6.0,CHI,away,W 17-16,4.0,2.0,28.0,14.0,0.0,3.8
355,Julius_Thomas,JAC,7.0,OAK,home,L 16-33,7.0,3.0,20.0,6.7,1.0,9.5
356,Julius_Thomas,JAC,8.0,TEN,away,L 22-36,6.0,3.0,28.0,9.3,1.0,10.3
357,Levine_Toilolo,ATL,2.0,OAK,away,W 35-28,2.0,2.0,21.0,10.5,0.0,3.1
358,Levine_Toilolo,ATL,4.0,CAR,home,W 48-33,1.0,0.0,0.0,,0.0,0.0
359,Levine_Toilolo,ATL,5.0,DEN,away,W 23-16,1.0,0.0,0.0,,0.0,0.0
360,Levine_Toilolo,ATL,6.0,SEA,away,L 24-26,4.0,3.0,69.0,23.0,1.0,14.4
361,Levine_Toilolo,ATL,7.0,SD,home,L 30-33,1.0,1.0,5.0,5.0,0.0,1.0
362,Will_Tye,NYG,1.0,DAL,away,W 20-19,3.0,3.0,16.0,5.3,0.0,3.1
363,Will_Tye,NYG,2.0,NO,home,W 16-13,3.0,2.0,10.0,5.0,0.0,2.0
364,Will_Tye,NYG,3.0,WAS,home,L 27-29,5.0,3.0,14.0,4.7,0.0,2.9
365,Will_Tye,NYG,4.0,MIN,away,L 10-24,6.0,4.0,43.0,10.8,0.0,6.3
366,Will_Tye,NYG,5.0,GB,away,L 16-23,3.0,2.0,37.0,18.5,0.0,4.7
367,Will_Tye,NYG,6.0,BAL,home,W 27-23,2.0,2.0,15.0,7.5,0.0,2.5
368,Will_Tye,NYG,7.0,LAR,away,W 17-10,3.0,2.0,14.0,7.0,0.0,2.4
370,C.J._Uzomah,CIN,13.0,CLE,away,W 37-3,1.0,1.0,4.0,4.0,0.0,0.9
371,Clive_Walford,OAK,1.0,NO,away,W 35-34,5.0,3.0,25.0,8.3,0.0,4.0
372,Clive_Walford,OAK,2.0,ATL,home,L 28-35,7.0,6.0,50.0,8.3,1.0,14.0
373,Clive_Walford,OAK,3.0,TEN,away,W 17-10,3.0,2.0,27.0,13.5,0.0,3.7
374,Clive_Walford,OAK,4.0,BAL,away,W 28-27,4.0,2.0,23.0,11.5,0.0,3.3
375,Clive_Walford,OAK,6.0,KC,home,L 10-26,2.0,2.0,25.0,12.5,0.0,3.5
376,Clive_Walford,OAK,7.0,JAC,away,W 33-16,2.0,1.0,5.0,5.0,0.0,1.0
378,Delanie_Walker,TEN,1.0,MIN,home,L 16-25,5.0,3.0,42.0,14.0,0.0,5.7
379,Delanie_Walker,TEN,2.0,DET,away,W 16-15,6.0,6.0,83.0,13.8,1.0,17.3
380,Delanie_Walker,TEN,4.0,HOU,away,L 20-27,8.0,2.0,34.0,17.0,0.0,4.4
381,Delanie_Walker,TEN,5.0,MIA,away,W 30-17,8.0,5.0,66.0,13.2,1.0,15.1
382,Delanie_Walker,TEN,6.0,CLE,home,W 28-26,2.0,1.0,21.0,21.0,0.0,2.6
383,Delanie_Walker,TEN,7.0,IND,home,L 26-34,8.0,7.0,84.0,12.0,1.0,17.9
384,Delanie_Walker,TEN,8.0,JAC,home,W 36-22,5.0,4.0,75.0,18.8,0.0,9.8
386,Cole_Wick,DET,1.0,IND,away,W 39-35,1.0,1.0,5.0,5.0,0.0,1.0
387,Cole_Wick,DET,3.0,GB,away,L 27-34,1.0,1.0,13.0,13.0,0.0,1.8
388,Cole_Wick,DET,4.0,CHI,away,L 14-17,1.0,0.0,0.0,,0.0,0.0
389,Cole_Wick,DET,5.0,PHI,home,W 24-23,0.0,0.0,0.0,,0.0,0.0
391,Luke_Willson,SEA,1.0,MIA,home,W 12-10,4.0,2.0,26.0,13.0,0.0,3.6
392,Luke_Willson,SEA,2.0,LAR,away,L 3-9,1.0,1.0,6.0,6.0,0.0,1.1
393,Luke_Willson,SEA,3.0,SF,home,W 37-18,3.0,2.0,9.0,4.5,0.0,1.9
394,Luke_Willson,SEA,4.0,NYJ,away,W 27-17,3.0,0.0,0.0,,0.0,0.0
395,Luke_Willson,SEA,6.0,ATL,home,W 26-24,1.0,1.0,9.0,9.0,0.0,1.4
396,Jason_Witten,DAL,1.0,NYG,home,L 19-20,14.0,9.0,66.0,7.3,0.0,11.1
397,Jason_Witten,DAL,2.0,WAS,away,W 27-23,4.0,3.0,51.0,17.0,0.0,6.6
398,Jason_Witten,DAL,3.0,CHI,home,W 31-17,2.0,2.0,25.0,12.5,0.0,3.5
399,Jason_Witten,DAL,4.0,SF,away,W 24-17,9.0,7.0,47.0,6.7,0.0,8.2
400,Jason_Witten,DAL,5.0,CIN,home,W 28-14,5.0,3.0,43.0,14.3,0.0,5.8
401,Jason_Witten,DAL,6.0,GB,away,W 30-16,8.0,4.0,42.0,10.5,0.0,6.2
