,player,team,week,opp,loc,res,targets,receptions,rec_yards,yards_per_rec,rec_TD,rush_attempts,rush_yards,yards_per_rush,rush_TD,fantasy_points
0,Jared_Abbrederis,GB,1.0,JAC,away,W 27-23,1.0,1.0,8.0,8.0,0.0,0.0,0.0,,0.0,1.3
1,Jared_Abbrederis,GB,6.0,DAL,home,L 16-30,1.0,0.0,0.0,,0.0,0.0,0.0,,0.0,0.0
3,Davante_Adams,GB,1.0,JAC,away,W 27-23,7.0,3.0,50.0,16.7,1.0,0.0,0.0,,0.0,12.5
4,Davante_Adams,GB,2.0,MIN,away,L 14-17,7.0,3.0,26.0,8.7,0.0,0.0,0.0,,0.0,2.1
5,Davante_Adams,GB,3.0,DET,home,W 34-27,2.0,2.0,23.0,11.5,1.0,0.0,0.0,,0.0,9.3
6,Davante_Adams,GB,5.0,NYG,home,W 23-16,8.0,5.0,85.0,17.0,1.0,0.0,0.0,,0.0,17.0
7,Davante_Adams,GB,6.0,DAL,home,L 16-30,3.0,2.0,34.0,17.0,0.0,0.0,0.0,,0.0,4.4
8,Davante_Adams,GB,7.0,CHI,home,W 26-10,16.0,13.0,132.0,10.2,2.0,0.0,0.0,,0.0,31.7
10,Nelson_Agholor,PHI,1.0,CLE,home,W 29-10,5.0,4.0,57.0,14.3,1.0,0.0,0.0,,0.0,13.7
11,Nelson_Agholor,PHI,2.0,CHI,away,W 29-14,7.0,4.0,42.0,10.5,0.0,0.0,0.0,,0.0,6.2
12,Nelson_Agholor,PHI,3.0,PIT,home,W 34-3,3.0,3.0,21.0,7.0,0.0,0.0,0.0,,0.0,3.6
13,Nelson_Agholor,PHI,5.0,DET,away,L 23-24,7.0,2.0,27.0,13.5,0.0,1.0,5.0,5.0,0.0,4.2
14,Nelson_Agholor,PHI,6.0,WAS,away,L 20-27,4.0,3.0,34.0,11.3,0.0,0.0,0.0,,0.0,4.9
15,Nelson_Agholor,PHI,7.0,MIN,home,W 21-10,6.0,2.0,10.0,5.0,0.0,0.0,0.0,,0.0,2.0
17,Kamar_Aiken,BAL,1.0,BUF,home,W 13-7,2.0,2.0,14.0,7.0,0.0,0.0,0.0,,0.0,2.4
18,Kamar_Aiken,BAL,2.0,CLE,away,W 25-20,1.0,0.0,0.0,,0.0,0.0,0.0,,0.0,0.0
19,Kamar_Aiken,BAL,3.0,JAC,away,W 19-17,1.0,1.0,5.0,5.0,0.0,0.0,0.0,,0.0,1.0
20,Kamar_Aiken,BAL,4.0,OAK,home,L 27-28,4.0,3.0,9.0,3.0,0.0,0.0,0.0,,0.0,2.4
21,Kamar_Aiken,BAL,5.0,WAS,home,L 10-16,3.0,0.0,0.0,,0.0,0.0,0.0,,0.0,0.0
22,Kamar_Aiken,BAL,6.0,NYG,away,L 23-27,6.0,4.0,64.0,16.0,0.0,0.0,0.0,,0.0,8.4
23,Kamar_Aiken,BAL,7.0,NYJ,away,L 16-24,6.0,3.0,55.0,18.3,0.0,0.0,0.0,,0.0,7.0
25,Keenan_Allen,SD,1.0,KC,away,L 27-33,7.0,6.0,63.0,10.5,0.0,0.0,0.0,,0.0,9.3
27,Danny_Amendola,NE,1.0,ARI,away,W 23-21,4.0,3.0,48.0,16.0,0.0,0.0,0.0,,0.0,6.3
28,Danny_Amendola,NE,2.0,MIA,home,W 31-24,4.0,4.0,50.0,12.5,2.0,0.0,0.0,,0.0,17.0
29,Danny_Amendola,NE,3.0,HOU,home,W 27-0,2.0,2.0,23.0,11.5,0.0,0.0,0.0,,0.0,3.3
30,Danny_Amendola,NE,4.0,BUF,home,L 0-16,2.0,0.0,0.0,,0.0,0.0,0.0,,0.0,0.0
31,Danny_Amendola,NE,5.0,CLE,away,W 33-13,2.0,2.0,11.0,5.5,0.0,0.0,0.0,,0.0,2.1
32,Danny_Amendola,NE,6.0,CIN,home,W 35-17,2.0,2.0,30.0,15.0,0.0,0.0,0.0,,0.0,4.0
33,Tavon_Austin,LAR,1.0,SF,away,L 0-28,12.0,4.0,13.0,3.3,0.0,1.0,2.0,2.0,0.0,3.5
34,Tavon_Austin,LAR,2.0,SEA,home,W 9-3,9.0,5.0,50.0,10.0,0.0,2.0,6.0,3.0,0.0,8.1
35,Tavon_Austin,LAR,3.0,TB,away,W 37-32,8.0,5.0,82.0,16.4,1.0,2.0,22.0,11.0,0.0,18.9
36,Tavon_Austin,LAR,4.0,ARI,away,W 17-13,6.0,2.0,14.0,7.0,0.0,1.0,-6.0,-6.0,0.0,1.8
37,Tavon_Austin,LAR,5.0,BUF,home,L 19-30,10.0,7.0,59.0,8.4,0.0,3.0,26.0,8.7,0.0,12.0
38,Tavon_Austin,LAR,6.0,DET,away,L 28-31,4.0,3.0,24.0,8.0,0.0,3.0,2.0,0.7,0.0,4.1
39,Tavon_Austin,LAR,7.0,NYG,home,L 10-17,15.0,10.0,57.0,5.7,1.0,1.0,10.0,10.0,0.0,17.7
40,Doug_Baldwin,SEA,1.0,MIA,home,W 12-10,11.0,9.0,92.0,10.2,1.0,0.0,0.0,,0.0,19.7
41,Doug_Baldwin,SEA,2.0,LAR,away,L 3-9,6.0,3.0,20.0,6.7,0.0,0.0,0.0,,0.0,3.5
42,Doug_Baldwin,SEA,3.0,SF,home,W 37-18,10.0,8.0,164.0,20.5,1.0,1.0,-4.0,-4.0,0.0,26.0
43,Doug_Baldwin,SEA,4.0,NYJ,away,W 27-17,4.0,4.0,54.0,13.5,0.0,0.0,0.0,,0.0,7.4
44,Doug_Baldwin,SEA,6.0,ATL,home,W 26-24,5.0,4.0,31.0,7.8,0.0,0.0,0.0,,0.0,5.1
45,Doug_Baldwin,SEA,7.0,ARI,away,T 6-6,9.0,6.0,69.0,11.5,0.0,0.0,0.0,,0.0,9.9
47,Cole_Beasley,DAL,1.0,NYG,home,L 19-20,12.0,8.0,65.0,8.1,0.0,0.0,0.0,,0.0,10.5
48,Cole_Beasley,DAL,2.0,WAS,away,W 27-23,6.0,5.0,75.0,15.0,0.0,0.0,0.0,,0.0,10.0
49,Cole_Beasley,DAL,3.0,CHI,home,W 31-17,7.0,7.0,73.0,10.4,0.0,0.0,0.0,,0.0,10.8
50,Cole_Beasley,DAL,4.0,SF,away,W 24-17,4.0,3.0,66.0,22.0,0.0,1.0,7.0,7.0,0.0,8.8
51,Cole_Beasley,DAL,5.0,CIN,home,W 28-14,4.0,4.0,53.0,13.3,1.0,0.0,0.0,,0.0,13.3
52,Cole_Beasley,DAL,6.0,GB,away,W 30-16,6.0,6.0,58.0,9.7,2.0,0.0,0.0,,0.0,20.8
54,Odell_Beckham_Jr,NYG,1.0,DAL,away,W 20-19,8.0,4.0,73.0,18.3,0.0,0.0,0.0,,0.0,9.3
55,Odell_Beckham_Jr,NYG,2.0,NO,home,W 16-13,11.0,8.0,86.0,10.8,0.0,0.0,0.0,,0.0,12.6
56,Odell_Beckham_Jr,NYG,3.0,WAS,home,L 27-29,11.0,7.0,121.0,17.3,0.0,0.0,0.0,,0.0,15.6
57,Odell_Beckham_Jr,NYG,4.0,MIN,away,L 10-24,9.0,3.0,23.0,7.7,0.0,0.0,0.0,,0.0,3.8
58,Odell_Beckham_Jr,NYG,5.0,GB,away,L 16-23,12.0,5.0,56.0,11.2,1.0,0.0,0.0,,0.0,14.1
59,Odell_Beckham_Jr,NYG,6.0,BAL,home,W 27-23,10.0,8.0,222.0,27.8,2.0,0.0,0.0,,0.0,36.2
60,Odell_Beckham_Jr,NYG,7.0,LAR,away,W 17-10,9.0,5.0,49.0,9.8,0.0,0.0,0.0,,0.0,7.4
61,Josh_Bellamy,CHI,5.0,IND,away,L 23-29,1.0,1.0,14.0,14.0,0.0,0.0,0.0,,0.0,1.9
62,Josh_Bellamy,CHI,6.0,JAC,home,L 16-17,0.0,0.0,0.0,,0.0,1.0,7.0,7.0,0.0,0.7
63,Josh_Bellamy,CHI,7.0,GB,away,L 10-26,4.0,2.0,32.0,16.0,0.0,0.0,0.0,,0.0,4.2
65,Kelvin_Benjamin,CAR,1.0,DEN,away,L 20-21,12.0,6.0,91.0,15.2,1.0,0.0,0.0,,0.0,18.1
66,Kelvin_Benjamin,CAR,2.0,SF,home,W 46-27,9.0,7.0,108.0,15.4,2.0,0.0,0.0,,0.0,26.3
67,Kelvin_Benjamin,CAR,3.0,MIN,home,L 10-22,1.0,0.0,0.0,,0.0,0.0,0.0,,0.0,0.0
68,Kelvin_Benjamin,CAR,4.0,ATL,away,L 33-48,7.0,3.0,39.0,13.0,1.0,0.0,0.0,,0.0,11.4
69,Kelvin_Benjamin,CAR,5.0,TB,home,L 14-17,9.0,5.0,70.0,14.0,0.0,0.0,0.0,,0.0,9.5
70,Kelvin_Benjamin,CAR,6.0,NO,away,L 38-41,14.0,8.0,86.0,10.8,0.0,0.0,0.0,,0.0,12.6
72,Travis_Benjamin,SD,1.0,KC,away,L 27-33,8.0,7.0,32.0,4.6,0.0,0.0,0.0,,0.0,6.7
73,Travis_Benjamin,SD,2.0,JAC,home,W 38-14,6.0,6.0,115.0,19.2,2.0,1.0,-1.0,-1.0,0.0,26.4
74,Travis_Benjamin,SD,3.0,IND,away,L 22-26,7.0,4.0,82.0,20.5,0.0,0.0,0.0,,0.0,8.2
75,Travis_Benjamin,SD,4.0,NO,home,L 34-35,7.0,4.0,48.0,12.0,0.0,0.0,0.0,,0.0,4.8
76,Travis_Benjamin,SD,5.0,OAK,away,L 31-34,11.0,7.0,117.0,16.7,0.0,0.0,0.0,,0.0,15.2
77,Travis_Benjamin,SD,6.0,DEN,home,W 21-13,5.0,3.0,17.0,5.7,0.0,0.0,0.0,,0.0,1.2
78,Travis_Benjamin,SD,7.0,ATL,away,W 33-30,5.0,4.0,54.0,13.5,0.0,0.0,0.0,,0.0,7.4
80,Anquan_Boldin,DET,1.0,IND,away,W 39-35,3.0,3.0,35.0,11.7,0.0,0.0,0.0,,0.0,5.0
81,Anquan_Boldin,DET,2.0,TEN,home,L 15-16,7.0,4.0,48.0,12.0,1.0,0.0,0.0,,0.0,12.8
82,Anquan_Boldin,DET,3.0,GB,away,L 27-34,6.0,4.0,22.0,5.5,1.0,0.0,0.0,,0.0,10.2
83,Anquan_Boldin,DET,4.0,CHI,away,L 14-17,8.0,6.0,31.0,5.2,0.0,0.0,0.0,,0.0,6.1
84,Anquan_Boldin,DET,5.0,PHI,home,W 24-23,4.0,4.0,48.0,12.0,0.0,0.0,0.0,,0.0,6.8
85,Anquan_Boldin,DET,6.0,LAR,home,W 31-28,9.0,8.0,60.0,7.5,1.0,0.0,0.0,,0.0,16.0
86,Anquan_Boldin,DET,7.0,WAS,home,W 20-17,4.0,3.0,28.0,9.3,1.0,0.0,0.0,,0.0,10.3
88,Tyler_Boyd,CIN,1.0,NYJ,away,W 23-22,3.0,2.0,24.0,12.0,0.0,0.0,0.0,,0.0,3.4
89,Tyler_Boyd,CIN,2.0,PIT,away,L 16-24,8.0,6.0,78.0,13.0,0.0,0.0,0.0,,0.0,8.8
90,Tyler_Boyd,CIN,3.0,DEN,home,L 17-29,4.0,3.0,18.0,6.0,0.0,0.0,0.0,,0.0,3.3
91,Tyler_Boyd,CIN,4.0,MIA,home,W 22-7,3.0,1.0,10.0,10.0,0.0,0.0,0.0,,0.0,1.5
92,Tyler_Boyd,CIN,5.0,DAL,away,L 14-28,5.0,3.0,33.0,11.0,0.0,0.0,0.0,,0.0,4.8
93,Tyler_Boyd,CIN,6.0,NE,away,L 17-35,5.0,4.0,79.0,19.8,0.0,0.0,0.0,,0.0,9.9
94,Tyler_Boyd,CIN,7.0,CLE,home,W 31-17,3.0,1.0,3.0,3.0,0.0,0.0,0.0,,0.0,0.8
96,Quan_Bray,IND,2.0,DEN,away,L 20-34,1.0,1.0,7.0,7.0,0.0,0.0,0.0,,0.0,1.2
97,Quan_Bray,IND,5.0,CHI,home,W 29-23,3.0,2.0,29.0,14.5,0.0,1.0,7.0,7.0,0.0,4.6
98,Kenny_Britt,LAR,1.0,SF,away,L 0-28,6.0,4.0,67.0,16.8,0.0,0.0,0.0,,0.0,8.7
99,Kenny_Britt,LAR,2.0,SEA,home,W 9-3,10.0,6.0,94.0,15.7,0.0,0.0,0.0,,0.0,12.4
100,Kenny_Britt,LAR,3.0,TB,away,W 37-32,6.0,4.0,38.0,9.5,0.0,0.0,0.0,,0.0,3.8
101,Kenny_Britt,LAR,4.0,ARI,away,W 17-13,4.0,4.0,82.0,20.5,0.0,0.0,0.0,,0.0,10.2
102,Kenny_Britt,LAR,5.0,BUF,home,L 19-30,6.0,5.0,75.0,15.0,0.0,0.0,0.0,,0.0,10.0
103,Kenny_Britt,LAR,6.0,DET,away,L 28-31,8.0,7.0,136.0,19.4,2.0,0.0,0.0,,0.0,29.1
104,Kenny_Britt,LAR,7.0,NYG,home,L 10-17,8.0,3.0,43.0,14.3,0.0,0.0,0.0,,0.0,5.8
106,Antonio_Brown,PIT,1.0,WAS,away,W 38-16,11.0,8.0,126.0,15.8,2.0,0.0,0.0,,0.0,28.6
107,Antonio_Brown,PIT,2.0,CIN,home,W 24-16,11.0,4.0,39.0,9.8,0.0,0.0,0.0,,0.0,5.9
108,Antonio_Brown,PIT,3.0,PHI,away,L 3-34,18.0,12.0,140.0,11.7,0.0,0.0,0.0,,0.0,20.0
109,Antonio_Brown,PIT,4.0,KC,home,W 43-14,5.0,4.0,64.0,16.0,2.0,0.0,0.0,,0.0,20.4
110,Antonio_Brown,PIT,5.0,NYJ,home,W 31-13,11.0,9.0,78.0,8.7,1.0,0.0,0.0,,0.0,18.3
111,Antonio_Brown,PIT,6.0,MIA,away,L 15-30,8.0,4.0,39.0,9.8,0.0,1.0,6.0,6.0,0.0,6.5
112,Antonio_Brown,PIT,7.0,NE,home,L 16-27,11.0,7.0,106.0,15.1,0.0,1.0,13.0,13.0,0.0,15.4
114,Jaron_Brown,ARI,1.0,NE,home,L 21-23,2.0,1.0,18.0,18.0,0.0,0.0,0.0,,0.0,2.3
115,Jaron_Brown,ARI,2.0,TB,home,W 40-7,2.0,2.0,78.0,39.0,1.0,0.0,0.0,,0.0,14.8
116,Jaron_Brown,ARI,3.0,BUF,away,L 18-33,6.0,3.0,49.0,16.3,0.0,0.0,0.0,,0.0,6.4
117,Jaron_Brown,ARI,4.0,LAR,home,L 13-17,5.0,1.0,7.0,7.0,0.0,0.0,0.0,,0.0,1.2
118,Jaron_Brown,ARI,5.0,SF,away,W 33-21,3.0,0.0,0.0,,0.0,0.0,0.0,,0.0,0.0
119,Jaron_Brown,ARI,6.0,NYJ,home,W 28-3,5.0,4.0,35.0,8.8,0.0,0.0,0.0,,0.0,5.5
121,John_Brown,ARI,1.0,NE,home,L 21-23,4.0,1.0,8.0,8.0,0.0,0.0,0.0,,0.0,1.3
122,John_Brown,ARI,2.0,TB,home,W 40-7,3.0,1.0,14.0,14.0,0.0,0.0,0.0,,0.0,1.9
123,John_Brown,ARI,3.0,BUF,away,L 18-33,11.0,6.0,70.0,11.7,0.0,0.0,0.0,,0.0,10.0
124,John_Brown,ARI,4.0,LAR,home,L 13-17,16.0,10.0,144.0,14.4,0.0,0.0,0.0,,0.0,19.4
125,John_Brown,ARI,5.0,SF,away,W 33-21,4.0,1.0,11.0,11.0,0.0,0.0,0.0,,0.0,1.6
126,John_Brown,ARI,6.0,NYJ,home,W 28-3,7.0,5.0,54.0,10.8,0.0,0.0,0.0,,0.0,7.9
127,Philly_Brown,CAR,1.0,DEN,away,L 20-21,2.0,1.0,11.0,11.0,0.0,0.0,0.0,,0.0,1.6
128,Philly_Brown,CAR,2.0,SF,home,W 46-27,6.0,3.0,15.0,5.0,0.0,0.0,0.0,,0.0,3.0
129,Philly_Brown,CAR,3.0,MIN,home,L 10-22,5.0,4.0,57.0,14.3,0.0,0.0,0.0,,0.0,7.7
130,Philly_Brown,CAR,4.0,ATL,away,L 33-48,7.0,5.0,48.0,9.6,1.0,0.0,0.0,,0.0,13.3
131,Philly_Brown,CAR,5.0,TB,home,L 14-17,4.0,2.0,13.0,6.5,0.0,0.0,0.0,,0.0,2.3
132,Philly_Brown,CAR,6.0,NO,away,L 38-41,4.0,2.0,33.0,16.5,0.0,0.0,0.0,,0.0,2.3
134,Dez_Bryant,DAL,1.0,NYG,home,L 19-20,5.0,1.0,8.0,8.0,0.0,0.0,0.0,,0.0,1.3
135,Dez_Bryant,DAL,2.0,WAS,away,W 27-23,12.0,7.0,102.0,14.6,0.0,0.0,0.0,,0.0,13.7
136,Dez_Bryant,DAL,3.0,CHI,home,W 31-17,6.0,3.0,40.0,13.3,1.0,0.0,0.0,,0.0,11.5
137,Aaron_Burbridge,SF,2.0,CAR,away,L 27-46,1.0,0.0,0.0,,0.0,0.0,0.0,,0.0,0.0
138,Aaron_Burbridge,SF,4.0,DAL,home,L 17-24,2.0,1.0,5.0,5.0,0.0,0.0,0.0,,0.0,1.0
139,Aaron_Burbridge,SF,7.0,TB,home,L 17-34,2.0,1.0,15.0,15.0,0.0,0.0,0.0,,0.0,0.0
141,Brice_Butler,DAL,1.0,NYG,home,L 19-20,2.0,1.0,16.0,16.0,0.0,0.0,0.0,,0.0,2.1
142,Brice_Butler,DAL,2.0,WAS,away,W 27-23,1.0,0.0,0.0,,0.0,0.0,0.0,,0.0,0.0
143,Brice_Butler,DAL,3.0,CHI,home,W 31-17,1.0,0.0,0.0,,0.0,0.0,0.0,,0.0,0.0
144,Brice_Butler,DAL,4.0,SF,away,W 24-17,9.0,5.0,41.0,8.2,1.0,0.0,0.0,,0.0,12.6
145,Brice_Butler,DAL,5.0,CIN,home,W 28-14,3.0,2.0,20.0,10.0,0.0,0.0,0.0,,0.0,3.0
146,Brice_Butler,DAL,6.0,GB,away,W 30-16,3.0,1.0,20.0,20.0,1.0,0.0,0.0,,0.0,8.5
147,Leonte_Carroo,MIA,1.0,SEA,away,L 10-12,2.0,2.0,14.0,7.0,0.0,0.0,0.0,,0.0,2.4
148,Leonte_Carroo,MIA,4.0,CIN,away,L 7-22,1.0,0.0,0.0,,0.0,0.0,0.0,,0.0,0.0
150,Sammie_Coates,PIT,1.0,WAS,away,W 38-16,3.0,2.0,56.0,28.0,0.0,0.0,0.0,,0.0,6.6
151,Sammie_Coates,PIT,2.0,CIN,home,W 24-16,5.0,2.0,97.0,48.5,0.0,1.0,6.0,6.0,0.0,11.3
152,Sammie_Coates,PIT,3.0,PHI,away,L 3-34,4.0,3.0,50.0,16.7,0.0,0.0,0.0,,0.0,6.5
153,Sammie_Coates,PIT,4.0,KC,home,W 43-14,8.0,6.0,79.0,13.2,0.0,1.0,-1.0,-1.0,0.0,10.8
154,Sammie_Coates,PIT,5.0,NYJ,home,W 31-13,11.0,6.0,139.0,23.2,2.0,0.0,0.0,,0.0,28.9
155,Sammie_Coates,PIT,6.0,MIA,away,L 15-30,4.0,0.0,0.0,,0.0,0.0,0.0,,0.0,0.0
156,Sammie_Coates,PIT,7.0,NE,home,L 16-27,1.0,1.0,4.0,4.0,0.0,0.0,0.0,,0.0,0.9
158,Randall_Cobb,GB,1.0,JAC,away,W 27-23,8.0,6.0,57.0,9.5,0.0,3.0,11.0,3.7,0.0,9.8
159,Randall_Cobb,GB,2.0,MIN,away,L 14-17,7.0,5.0,42.0,8.4,0.0,1.0,1.0,1.0,0.0,6.8
160,Randall_Cobb,GB,3.0,DET,home,W 34-27,3.0,1.0,33.0,33.0,0.0,0.0,0.0,,0.0,3.8
161,Randall_Cobb,GB,5.0,NYG,home,W 23-16,11.0,9.0,108.0,12.0,0.0,1.0,0.0,0.0,0.0,15.3
162,Randall_Cobb,GB,6.0,DAL,home,L 16-30,11.0,7.0,53.0,7.6,1.0,0.0,0.0,,0.0,14.8
163,Randall_Cobb,GB,7.0,CHI,home,W 26-10,15.0,11.0,95.0,8.6,1.0,5.0,21.0,4.2,0.0,23.1
164,Brandon_Coleman,NO,2.0,NYG,away,L 13-16,4.0,2.0,15.0,7.5,0.0,0.0,0.0,,0.0,2.5
165,Brandon_Coleman,NO,3.0,ATL,home,L 32-45,8.0,7.0,78.0,11.1,0.0,0.0,0.0,,0.0,11.3
166,Brandon_Coleman,NO,4.0,SD,away,W 35-34,3.0,2.0,17.0,8.5,0.0,0.0,0.0,,0.0,2.7
167,Brandon_Coleman,NO,6.0,CAR,home,W 41-38,2.0,1.0,6.0,6.0,0.0,0.0,0.0,,0.0,1.1
168,Brandon_Coleman,NO,7.0,KC,away,L 21-27,1.0,1.0,10.0,10.0,1.0,0.0,0.0,,0.0,7.5
170,Corey_Coleman,CLE,1.0,PHI,away,L 10-29,5.0,2.0,69.0,34.5,0.0,0.0,0.0,,0.0,7.9
171,Corey_Coleman,CLE,2.0,BAL,home,L 20-25,8.0,5.0,104.0,20.8,2.0,0.0,0.0,,0.0,24.9
172,Chris_Conley,KC,1.0,SD,home,W 33-27,7.0,4.0,43.0,10.8,0.0,0.0,0.0,,0.0,6.3
173,Chris_Conley,KC,2.0,HOU,away,L 12-19,4.0,2.0,15.0,7.5,0.0,0.0,0.0,,0.0,2.5
174,Chris_Conley,KC,3.0,NYJ,home,W 24-3,5.0,3.0,44.0,14.7,0.0,0.0,0.0,,0.0,5.9
175,Chris_Conley,KC,4.0,PIT,away,L 14-43,7.0,6.0,70.0,11.7,0.0,0.0,0.0,,0.0,10.0
176,Chris_Conley,KC,6.0,OAK,away,W 26-10,4.0,3.0,26.0,8.7,0.0,0.0,0.0,,0.0,4.1
177,Chris_Conley,KC,7.0,NO,home,W 27-21,2.0,2.0,29.0,14.5,0.0,0.0,0.0,,0.0,3.9
179,Brandin_Cooks,NO,1.0,OAK,home,L 34-35,9.0,6.0,143.0,23.8,2.0,1.0,11.0,11.0,0.0,30.4
180,Brandin_Cooks,NO,2.0,NYG,away,L 13-16,9.0,7.0,68.0,9.7,0.0,0.0,0.0,,0.0,10.3
181,Brandin_Cooks,NO,3.0,ATL,home,L 32-45,8.0,2.0,13.0,6.5,0.0,1.0,6.0,6.0,0.0,2.9
182,Brandin_Cooks,NO,4.0,SD,away,W 35-34,6.0,3.0,31.0,10.3,0.0,0.0,0.0,,0.0,4.6
183,Brandin_Cooks,NO,6.0,CAR,home,W 41-38,9.0,7.0,173.0,24.7,1.0,1.0,2.0,2.0,0.0,27.0
184,Brandin_Cooks,NO,7.0,KC,away,L 21-27,9.0,7.0,58.0,8.3,1.0,0.0,0.0,,0.0,15.3
186,Amari_Cooper,OAK,1.0,NO,away,W 35-34,11.0,6.0,137.0,22.8,0.0,0.0,0.0,,0.0,16.7
187,Amari_Cooper,OAK,2.0,ATL,home,L 28-35,9.0,5.0,71.0,14.2,0.0,0.0,0.0,,0.0,9.6
188,Amari_Cooper,OAK,3.0,TEN,away,W 17-10,9.0,4.0,62.0,15.5,0.0,0.0,0.0,,0.0,8.2
189,Amari_Cooper,OAK,4.0,BAL,away,W 28-27,6.0,5.0,48.0,9.6,0.0,0.0,0.0,,0.0,7.3
190,Amari_Cooper,OAK,5.0,SD,home,W 34-31,12.0,6.0,138.0,23.0,1.0,0.0,0.0,,0.0,22.8
191,Amari_Cooper,OAK,6.0,KC,home,L 10-26,13.0,10.0,129.0,12.9,0.0,0.0,0.0,,0.0,17.9
192,Amari_Cooper,OAK,7.0,JAC,away,W 33-16,5.0,4.0,29.0,7.3,0.0,0.0,0.0,,0.0,4.9
193,Pharoh_Cooper,LAR,5.0,BUF,home,L 19-30,1.0,0.0,0.0,,0.0,0.0,0.0,,0.0,0.0
194,Michael_Crabtree,OAK,1.0,NO,away,W 35-34,9.0,7.0,87.0,12.4,0.0,0.0,0.0,,0.0,12.2
195,Michael_Crabtree,OAK,2.0,ATL,home,L 28-35,5.0,4.0,31.0,7.8,1.0,0.0,0.0,,0.0,11.1
196,Michael_Crabtree,OAK,3.0,TEN,away,W 17-10,11.0,8.0,102.0,12.8,0.0,0.0,0.0,,0.0,14.2
197,Michael_Crabtree,OAK,4.0,BAL,away,W 28-27,12.0,7.0,88.0,12.6,3.0,0.0,0.0,,0.0,30.3
198,Michael_Crabtree,OAK,5.0,SD,home,W 34-31,7.0,3.0,47.0,15.7,1.0,0.0,0.0,,0.0,12.2
199,Michael_Crabtree,OAK,6.0,KC,home,L 10-26,4.0,2.0,10.0,5.0,0.0,0.0,0.0,,0.0,2.0
200,Michael_Crabtree,OAK,7.0,JAC,away,W 33-16,11.0,8.0,96.0,12.0,1.0,0.0,0.0,,0.0,19.6
201,Jamison_Crowder,WAS,1.0,PIT,home,L 16-38,10.0,6.0,58.0,9.7,0.0,0.0,0.0,,0.0,8.8
202,Jamison_Crowder,WAS,2.0,DAL,home,L 23-27,8.0,6.0,39.0,6.5,1.0,0.0,0.0,,0.0,12.9
203,Jamison_Crowder,WAS,3.0,NYG,away,W 29-27,7.0,4.0,78.0,19.5,1.0,0.0,0.0,,0.0,15.8
204,Jamison_Crowder,WAS,4.0,CLE,home,W 31-20,3.0,2.0,21.0,10.5,0.0,0.0,0.0,,0.0,3.1
205,Jamison_Crowder,WAS,5.0,BAL,away,W 16-10,3.0,3.0,35.0,11.7,0.0,0.0,0.0,,0.0,5.0
206,Jamison_Crowder,WAS,6.0,PHI,home,W 27-20,4.0,3.0,52.0,17.3,1.0,1.0,-9.0,-9.0,0.0,11.8
207,Jamison_Crowder,WAS,7.0,DET,away,L 17-20,9.0,7.0,108.0,15.4,0.0,0.0,0.0,,0.0,14.3
208,Victor_Cruz,NYG,1.0,DAL,away,W 20-19,4.0,4.0,34.0,8.5,1.0,0.0,0.0,,0.0,11.4
209,Victor_Cruz,NYG,2.0,NO,home,W 16-13,8.0,4.0,91.0,22.8,0.0,0.0,0.0,,0.0,9.1
210,Victor_Cruz,NYG,3.0,WAS,home,L 27-29,3.0,3.0,70.0,23.3,0.0,0.0,0.0,,0.0,8.5
211,Victor_Cruz,NYG,4.0,MIN,away,L 10-24,9.0,5.0,50.0,10.0,0.0,0.0,0.0,,0.0,7.5
212,Victor_Cruz,NYG,5.0,GB,away,L 16-23,2.0,0.0,0.0,,0.0,0.0,0.0,,0.0,0.0
213,Victor_Cruz,NYG,6.0,BAL,home,W 27-23,7.0,3.0,31.0,10.3,0.0,0.0,0.0,,0.0,4.6
214,Victor_Cruz,NYG,7.0,LAR,away,W 17-10,8.0,5.0,55.0,11.0,0.0,0.0,0.0,,0.0,8.0
216,Eric_Decker,NYJ,1.0,CIN,home,L 22-23,7.0,2.0,37.0,18.5,1.0,0.0,0.0,,0.0,10.7
217,Eric_Decker,NYJ,2.0,BUF,away,W 37-31,8.0,6.0,126.0,21.0,1.0,0.0,0.0,,0.0,21.6
218,Eric_Decker,NYJ,3.0,KC,away,L 3-24,6.0,1.0,31.0,31.0,0.0,0.0,0.0,,0.0,3.6
220,Stefon_Diggs,MIN,1.0,TEN,away,W 25-16,9.0,7.0,103.0,14.7,0.0,1.0,-1.0,-1.0,0.0,13.7
221,Stefon_Diggs,MIN,2.0,GB,home,W 17-14,11.0,9.0,182.0,20.2,1.0,0.0,0.0,,0.0,28.7
222,Stefon_Diggs,MIN,3.0,CAR,away,W 22-10,7.0,4.0,40.0,10.0,0.0,0.0,0.0,,0.0,6.0
223,Stefon_Diggs,MIN,4.0,NYG,home,W 24-10,7.0,5.0,47.0,9.4,0.0,1.0,-1.0,-1.0,0.0,7.1
224,Stefon_Diggs,MIN,7.0,PHI,away,L 10-21,5.0,2.0,18.0,9.0,0.0,0.0,0.0,,0.0,2.8
225,Josh_Doctson,WAS,1.0,PIT,home,L 16-38,1.0,1.0,9.0,9.0,0.0,0.0,0.0,,0.0,1.4
226,Josh_Doctson,WAS,2.0,DAL,home,L 23-27,5.0,1.0,57.0,57.0,0.0,0.0,0.0,,0.0,6.2
228,Phillip_Dorsett,IND,1.0,DET,home,L 35-39,6.0,4.0,94.0,23.5,0.0,0.0,0.0,,0.0,11.4
229,Phillip_Dorsett,IND,2.0,DEN,away,L 20-34,5.0,1.0,30.0,30.0,0.0,0.0,0.0,,0.0,3.5
230,Phillip_Dorsett,IND,3.0,SD,home,W 26-22,4.0,3.0,27.0,9.0,0.0,0.0,0.0,,0.0,4.2
231,Phillip_Dorsett,IND,4.0,JAC,away,L 27-30,3.0,1.0,64.0,64.0,1.0,1.0,3.0,3.0,0.0,13.2
232,Phillip_Dorsett,IND,5.0,CHI,home,W 29-23,3.0,2.0,26.0,13.0,0.0,0.0,0.0,,0.0,3.6
233,Phillip_Dorsett,IND,6.0,HOU,away,L 23-26,5.0,2.0,12.0,6.0,0.0,0.0,0.0,,0.0,2.2
234,Harry_Douglas,TEN,1.0,MIN,home,L 16-25,5.0,2.0,21.0,10.5,0.0,0.0,0.0,,0.0,3.1
235,Harry_Douglas,TEN,3.0,OAK,home,L 10-17,4.0,2.0,20.0,10.0,0.0,0.0,0.0,,0.0,3.0
237,Julian_Edelman,NE,1.0,ARI,away,W 23-21,7.0,7.0,66.0,9.4,0.0,3.0,16.0,5.3,0.0,11.7
238,Julian_Edelman,NE,2.0,MIA,home,W 31-24,11.0,7.0,76.0,10.9,0.0,0.0,0.0,,0.0,11.1
239,Julian_Edelman,NE,3.0,HOU,home,W 27-0,6.0,4.0,38.0,9.5,0.0,3.0,14.0,4.7,0.0,7.2
240,Julian_Edelman,NE,4.0,BUF,home,L 0-16,4.0,1.0,16.0,16.0,0.0,1.0,1.0,1.0,0.0,2.2
241,Julian_Edelman,NE,5.0,CLE,away,W 33-13,10.0,5.0,35.0,7.0,0.0,0.0,0.0,,0.0,6.0
242,Julian_Edelman,NE,6.0,CIN,home,W 35-17,7.0,4.0,30.0,7.5,0.0,1.0,8.0,8.0,0.0,5.8
243,Julian_Edelman,NE,7.0,PIT,away,W 27-16,10.0,9.0,60.0,6.7,0.0,0.0,0.0,,0.0,8.5
245,Quincy_Enunwa,NYJ,1.0,CIN,home,L 22-23,8.0,7.0,54.0,7.7,1.0,0.0,0.0,,0.0,14.9
246,Quincy_Enunwa,NYJ,2.0,BUF,away,W 37-31,6.0,6.0,92.0,15.3,0.0,0.0,0.0,,0.0,12.2
247,Quincy_Enunwa,NYJ,3.0,KC,away,L 3-24,11.0,4.0,37.0,9.3,0.0,0.0,0.0,,0.0,5.7
248,Quincy_Enunwa,NYJ,4.0,SEA,home,L 17-27,7.0,6.0,60.0,10.0,0.0,0.0,0.0,,0.0,9.0
249,Quincy_Enunwa,NYJ,5.0,PIT,away,L 13-31,7.0,4.0,51.0,12.8,0.0,0.0,0.0,,0.0,7.1
250,Quincy_Enunwa,NYJ,6.0,ARI,away,L 3-28,5.0,3.0,42.0,14.0,0.0,0.0,0.0,,0.0,5.7
251,Quincy_Enunwa,NYJ,7.0,BAL,home,W 24-16,4.0,2.0,73.0,36.5,1.0,0.0,0.0,,0.0,14.3
252,Mike_Evans,TB,1.0,ATL,away,W 31-24,7.0,5.0,99.0,19.8,1.0,0.0,0.0,,0.0,18.4
253,Mike_Evans,TB,2.0,ARI,away,L 7-40,17.0,6.0,70.0,11.7,1.0,0.0,0.0,,0.0,16.0
254,Mike_Evans,TB,3.0,LAR,home,L 32-37,13.0,10.0,132.0,13.2,1.0,0.0,0.0,,0.0,24.2
255,Mike_Evans,TB,4.0,DEN,home,L 7-27,11.0,5.0,59.0,11.8,0.0,0.0,0.0,,0.0,8.4
256,Mike_Evans,TB,5.0,CAR,away,W 17-14,12.0,6.0,89.0,14.8,1.0,0.0,0.0,,0.0,17.9
257,Mike_Evans,TB,7.0,SF,away,W 34-17,13.0,8.0,96.0,12.0,2.0,0.0,0.0,,0.0,25.6
259,Larry_Fitzgerald,ARI,1.0,NE,home,L 21-23,10.0,8.0,81.0,10.1,2.0,0.0,0.0,,0.0,24.1
260,Larry_Fitzgerald,ARI,2.0,TB,home,W 40-7,11.0,6.0,81.0,13.5,1.0,0.0,0.0,,0.0,17.1
261,Larry_Fitzgerald,ARI,3.0,BUF,away,L 18-33,12.0,7.0,60.0,8.6,0.0,0.0,0.0,,0.0,9.5
262,Larry_Fitzgerald,ARI,4.0,LAR,home,L 13-17,7.0,5.0,62.0,12.4,0.0,1.0,1.0,1.0,0.0,8.8
263,Larry_Fitzgerald,ARI,5.0,SF,away,W 33-21,8.0,6.0,81.0,13.5,2.0,0.0,0.0,,0.0,23.1
264,Larry_Fitzgerald,ARI,6.0,NYJ,home,W 28-3,9.0,6.0,49.0,8.2,0.0,0.0,0.0,,0.0,7.9
265,Larry_Fitzgerald,ARI,7.0,SEA,home,T 6-6,14.0,9.0,70.0,7.8,0.0,0.0,0.0,,0.0,11.5
267,Michael_Floyd,ARI,1.0,NE,home,L 21-23,7.0,3.0,61.0,20.3,0.0,0.0,0.0,,0.0,7.6
268,Michael_Floyd,ARI,2.0,TB,home,W 40-7,6.0,2.0,8.0,4.0,1.0,0.0,0.0,,0.0,7.8
269,Michael_Floyd,ARI,3.0,BUF,away,L 18-33,11.0,4.0,65.0,16.3,0.0,0.0,0.0,,0.0,8.5
270,Michael_Floyd,ARI,4.0,LAR,home,L 13-17,7.0,3.0,36.0,12.0,1.0,0.0,0.0,,0.0,11.1
271,Michael_Floyd,ARI,5.0,SF,away,W 33-21,3.0,0.0,0.0,,0.0,0.0,0.0,,0.0,0.0
272,Michael_Floyd,ARI,6.0,NYJ,home,W 28-3,2.0,2.0,22.0,11.0,1.0,0.0,0.0,,0.0,9.2
273,Michael_Floyd,ARI,7.0,SEA,home,T 6-6,7.0,5.0,65.0,13.0,0.0,0.0,0.0,,0.0,9.0
274,Bennie_Fowler,DEN,3.0,CIN,away,W 29-17,1.0,1.0,13.0,13.0,0.0,0.0,0.0,,0.0,1.8
275,Bennie_Fowler,DEN,4.0,TB,away,W 27-7,3.0,0.0,0.0,,0.0,0.0,0.0,,0.0,0.0
276,Bennie_Fowler,DEN,5.0,ATL,home,L 16-23,2.0,2.0,13.0,6.5,0.0,0.0,0.0,,0.0,2.3
277,Bennie_Fowler,DEN,6.0,SD,away,L 13-21,7.0,3.0,22.0,7.3,1.0,0.0,0.0,,0.0,9.7
278,Bennie_Fowler,DEN,7.0,HOU,home,W 27-9,1.0,1.0,7.0,7.0,0.0,0.0,0.0,,0.0,1.2
280,Will_Fuller,HOU,1.0,CHI,home,W 23-14,11.0,5.0,107.0,21.4,1.0,0.0,0.0,,0.0,19.2
281,Will_Fuller,HOU,2.0,KC,home,W 19-12,7.0,4.0,104.0,26.0,0.0,0.0,0.0,,0.0,12.4
282,Will_Fuller,HOU,3.0,NE,away,L 0-27,7.0,3.0,31.0,10.3,0.0,0.0,0.0,,0.0,4.6
283,Will_Fuller,HOU,4.0,TEN,home,W 27-20,9.0,7.0,81.0,11.6,1.0,0.0,0.0,,0.0,17.6
284,Will_Fuller,HOU,5.0,MIN,away,L 13-31,6.0,1.0,4.0,4.0,0.0,0.0,0.0,,0.0,0.9
285,Will_Fuller,HOU,7.0,DEN,away,L 9-27,7.0,4.0,22.0,5.5,0.0,0.0,0.0,,0.0,4.2
287,Devin_Funchess,CAR,1.0,DEN,away,L 20-21,4.0,1.0,9.0,9.0,0.0,0.0,0.0,,0.0,1.4
288,Devin_Funchess,CAR,2.0,SF,home,W 46-27,4.0,2.0,19.0,9.5,1.0,0.0,0.0,,0.0,8.9
289,Devin_Funchess,CAR,3.0,MIN,home,L 10-22,2.0,0.0,0.0,,0.0,0.0,0.0,,0.0,0.0
290,Devin_Funchess,CAR,4.0,ATL,away,L 33-48,3.0,2.0,56.0,28.0,0.0,0.0,0.0,,0.0,6.6
291,Devin_Funchess,CAR,6.0,NO,away,L 38-41,6.0,2.0,28.0,14.0,1.0,0.0,0.0,,0.0,9.8
292,Taylor_Gabriel,ATL,2.0,OAK,away,W 35-28,3.0,3.0,28.0,9.3,0.0,0.0,0.0,,0.0,4.3
293,Taylor_Gabriel,ATL,3.0,NO,away,W 45-32,3.0,2.0,33.0,16.5,0.0,0.0,0.0,,0.0,4.3
294,Taylor_Gabriel,ATL,4.0,CAR,home,W 48-33,3.0,3.0,49.0,16.3,0.0,0.0,0.0,,0.0,6.4
295,Taylor_Gabriel,ATL,6.0,SEA,away,L 24-26,2.0,1.0,6.0,6.0,0.0,0.0,0.0,,0.0,1.1
297,Pierre_Garcon,WAS,1.0,PIT,home,L 16-38,6.0,6.0,51.0,8.5,0.0,0.0,0.0,,0.0,8.1
298,Pierre_Garcon,WAS,2.0,DAL,home,L 23-27,7.0,2.0,25.0,12.5,0.0,0.0,0.0,,0.0,3.5
299,Pierre_Garcon,WAS,3.0,NYG,away,W 29-27,7.0,5.0,59.0,11.8,0.0,0.0,0.0,,0.0,8.4
300,Pierre_Garcon,WAS,4.0,CLE,home,W 31-20,5.0,4.0,39.0,9.8,0.0,0.0,0.0,,0.0,5.9
301,Pierre_Garcon,WAS,5.0,BAL,away,W 16-10,7.0,5.0,56.0,11.2,1.0,0.0,0.0,,0.0,14.1
302,Pierre_Garcon,WAS,6.0,PHI,home,W 27-20,11.0,6.0,77.0,12.8,0.0,0.0,0.0,,0.0,10.7
303,Pierre_Garcon,WAS,7.0,DET,away,L 17-20,5.0,2.0,22.0,11.0,0.0,0.0,0.0,,0.0,3.2
304,Ted_Ginn_Jr,CAR,1.0,DEN,away,L 20-21,1.0,1.0,5.0,5.0,0.0,1.0,20.0,20.0,0.0,3.0
305,Ted_Ginn_Jr,CAR,2.0,SF,home,W 46-27,4.0,2.0,51.0,25.5,0.0,1.0,5.0,5.0,0.0,4.6
306,Ted_Ginn_Jr,CAR,3.0,MIN,home,L 10-22,7.0,3.0,62.0,20.7,0.0,2.0,5.0,2.5,0.0,8.2
307,Ted_Ginn_Jr,CAR,4.0,ATL,away,L 33-48,5.0,2.0,14.0,7.0,0.0,0.0,0.0,,0.0,2.4
308,Ted_Ginn_Jr,CAR,5.0,TB,home,L 14-17,1.0,1.0,5.0,5.0,0.0,0.0,0.0,,0.0,-1.0
309,Ted_Ginn_Jr,CAR,6.0,NO,away,L 38-41,8.0,5.0,54.0,10.8,0.0,2.0,6.0,3.0,0.0,8.5
311,Marquise_Goodwin,BUF,2.0,NYJ,home,L 31-37,5.0,2.0,112.0,56.0,1.0,0.0,0.0,,0.0,18.2
312,Marquise_Goodwin,BUF,3.0,ARI,home,W 33-18,5.0,1.0,6.0,6.0,0.0,0.0,0.0,,0.0,1.1
313,Marquise_Goodwin,BUF,4.0,NE,away,W 16-0,5.0,1.0,12.0,12.0,0.0,0.0,0.0,,0.0,1.7
314,Marquise_Goodwin,BUF,5.0,LAR,away,W 30-19,6.0,2.0,13.0,6.5,1.0,0.0,0.0,,0.0,8.3
315,Marquise_Goodwin,BUF,6.0,SF,home,W 45-16,4.0,2.0,22.0,11.0,0.0,0.0,0.0,,0.0,3.2
316,Marquise_Goodwin,BUF,7.0,MIA,away,L 25-28,7.0,4.0,93.0,23.3,1.0,0.0,0.0,,0.0,17.3
317,Ryan_Grant,WAS,1.0,PIT,home,L 16-38,1.0,0.0,0.0,,0.0,0.0,0.0,,0.0,0.0
318,Ryan_Grant,WAS,2.0,DAL,home,L 23-27,1.0,1.0,5.0,5.0,0.0,0.0,0.0,,0.0,1.0
319,Ryan_Grant,WAS,3.0,NYG,away,W 29-27,1.0,0.0,0.0,,0.0,0.0,0.0,,0.0,0.0
320,Ryan_Grant,WAS,6.0,PHI,home,W 27-20,1.0,0.0,0.0,,0.0,0.0,0.0,,0.0,0.0
321,Ryan_Grant,WAS,7.0,DET,away,L 17-20,2.0,1.0,5.0,5.0,0.0,0.0,0.0,,0.0,1.0
322,A.J._Green,CIN,1.0,NYJ,away,W 23-22,13.0,12.0,180.0,15.0,1.0,0.0,0.0,,0.0,30.0
323,A.J._Green,CIN,2.0,PIT,away,L 16-24,8.0,2.0,38.0,19.0,0.0,0.0,0.0,,0.0,4.8
324,A.J._Green,CIN,3.0,DEN,home,L 17-29,11.0,8.0,77.0,9.6,0.0,0.0,0.0,,0.0,11.7
325,A.J._Green,CIN,4.0,MIA,home,W 22-7,12.0,10.0,173.0,17.3,1.0,0.0,0.0,,0.0,28.3
326,A.J._Green,CIN,5.0,DAL,away,L 14-28,8.0,4.0,50.0,12.5,0.0,0.0,0.0,,0.0,7.0
327,A.J._Green,CIN,6.0,NE,away,L 17-35,10.0,6.0,88.0,14.7,0.0,0.0,0.0,,0.0,11.8
328,A.J._Green,CIN,7.0,CLE,home,W 31-17,8.0,8.0,169.0,21.1,1.0,0.0,0.0,,0.0,26.9
330,Dorial_Green-Beckham,PHI,1.0,CLE,home,W 29-10,2.0,2.0,14.0,7.0,0.0,0.0,0.0,,0.0,2.4
331,Dorial_Green-Beckham,PHI,2.0,CHI,away,W 29-14,4.0,2.0,18.0,9.0,0.0,0.0,0.0,,0.0,2.8
332,Dorial_Green-Beckham,PHI,3.0,PIT,home,W 34-3,4.0,3.0,33.0,11.0,0.0,0.0,0.0,,0.0,4.8
333,Dorial_Green-Beckham,PHI,5.0,DET,away,L 23-24,4.0,3.0,43.0,14.3,0.0,0.0,0.0,,0.0,5.8
334,Dorial_Green-Beckham,PHI,6.0,WAS,away,L 20-27,4.0,1.0,23.0,23.0,0.0,0.0,0.0,,0.0,2.8
335,Dorial_Green-Beckham,PHI,7.0,MIN,home,W 21-10,4.0,2.0,8.0,4.0,1.0,0.0,0.0,,0.0,7.8
336,Rashad_Greene,JAC,1.0,GB,home,L 23-27,2.0,1.0,9.0,9.0,0.0,0.0,0.0,,0.0,1.4
337,Rashad_Greene,JAC,2.0,SD,away,L 14-38,3.0,1.0,7.0,7.0,0.0,0.0,0.0,,0.0,1.2
338,Rashad_Greene,JAC,4.0,IND,home,W 30-27,1.0,1.0,8.0,8.0,0.0,0.0,0.0,,0.0,1.3
339,Rashad_Greene,JAC,7.0,OAK,home,L 16-33,2.0,2.0,8.0,4.0,0.0,0.0,0.0,,0.0,-0.2
340,Justin_Hardy,ATL,1.0,TB,home,L 24-31,2.0,1.0,0.0,0.0,0.0,0.0,0.0,,0.0,0.5
341,Justin_Hardy,ATL,2.0,OAK,away,W 35-28,3.0,1.0,8.0,8.0,1.0,0.0,0.0,,0.0,7.3
342,Justin_Hardy,ATL,3.0,NO,away,W 45-32,2.0,2.0,26.0,13.0,1.0,0.0,0.0,,0.0,9.6
343,Justin_Hardy,ATL,6.0,SEA,away,L 24-26,3.0,3.0,30.0,10.0,0.0,0.0,0.0,,0.0,4.5
344,Justin_Hardy,ATL,7.0,SD,home,L 30-33,2.0,2.0,6.0,3.0,0.0,0.0,0.0,,0.0,1.6
345,Dwayne_Harris,NYG,4.0,MIN,away,L 10-24,0.0,0.0,0.0,,0.0,0.0,0.0,,0.0,-2.0
347,Andrew_Hawkins,CLE,1.0,PHI,away,L 10-29,3.0,0.0,0.0,,0.0,1.0,-1.0,-1.0,0.0,-0.1
348,Andrew_Hawkins,CLE,2.0,BAL,home,L 20-25,3.0,3.0,28.0,9.3,0.0,0.0,0.0,,0.0,4.3
349,Andrew_Hawkins,CLE,3.0,MIA,away,L 24-30,4.0,2.0,14.0,7.0,0.0,1.0,1.0,1.0,0.0,2.5
350,Andrew_Hawkins,CLE,4.0,WAS,away,L 20-31,3.0,3.0,28.0,9.3,0.0,0.0,0.0,,0.0,4.3
351,Andrew_Hawkins,CLE,5.0,NE,home,L 13-33,7.0,4.0,56.0,14.0,1.0,0.0,0.0,,0.0,13.6
352,Andrew_Hawkins,CLE,6.0,TEN,away,L 26-28,4.0,3.0,48.0,16.0,0.0,0.0,0.0,,0.0,6.3
353,Andrew_Hawkins,CLE,7.0,CIN,away,L 17-31,4.0,2.0,19.0,9.5,0.0,0.0,0.0,,0.0,2.9
355,Devin_Hester,BAL,1.0,NO,home,W 37-34,6.0,5.0,99.0,19.8,0.0,0.0,0.0,,0.0,12.4
356,Devin_Hester,BAL,2.0,CIN,away,L 10-24,1.0,1.0,2.0,2.0,0.0,0.0,0.0,,0.0,0.7
357,Devin_Hester,BAL,3.0,TB,home,W 56-14,1.0,1.0,25.0,25.0,0.0,1.0,20.0,20.0,1.0,11.0
358,Devin_Hester,BAL,4.0,MIN,away,L 28-41,7.0,5.0,70.0,14.0,1.0,0.0,0.0,,0.0,15.5
359,Devin_Hester,BAL,5.0,NYG,away,L 20-30,4.0,2.0,16.0,8.0,0.0,1.0,3.0,3.0,0.0,2.9
360,Devin_Hester,BAL,6.0,CHI,home,L 13-27,1.0,1.0,23.0,23.0,0.0,0.0,0.0,,0.0,2.8
361,Devin_Hester,BAL,7.0,BAL,away,L 7-29,5.0,3.0,28.0,9.3,0.0,0.0,0.0,,0.0,4.3
362,Devin_Hester,BAL,10.0,TB,away,W 27-17,4.0,1.0,5.0,5.0,0.0,1.0,0.0,0.0,0.0,1.0
363,Devin_Hester,BAL,11.0,CAR,away,W 19-17,3.0,3.0,34.0,11.3,0.0,1.0,9.0,9.0,0.0,3.8
364,Devin_Hester,BAL,12.0,CLE,home,L 24-26,6.0,4.0,50.0,12.5,0.0,0.0,0.0,,0.0,7.0
365,Devin_Hester,BAL,13.0,ARI,home,W 29-18,4.0,1.0,10.0,10.0,0.0,1.0,4.0,4.0,0.0,1.9
366,Devin_Hester,BAL,14.0,GB,away,L 37-43,2.0,0.0,0.0,,0.0,1.0,0.0,0.0,0.0,0.0
367,Devin_Hester,BAL,15.0,PIT,home,L 20-27,6.0,5.0,85.0,17.0,1.0,0.0,0.0,,0.0,17.0
368,Devin_Hester,BAL,16.0,NO,away,W 30-14,3.0,2.0,25.0,12.5,0.0,0.0,0.0,,0.0,3.5
369,Devin_Hester,BAL,17.0,CAR,home,L 3-34,6.0,4.0,32.0,8.0,0.0,0.0,0.0,,0.0,5.2
370,Darrius_Heyward-Bey,PIT,2.0,CIN,home,W 24-16,2.0,1.0,7.0,7.0,0.0,0.0,0.0,,0.0,1.2
371,Darrius_Heyward-Bey,PIT,3.0,PHI,away,L 3-34,1.0,0.0,0.0,,0.0,0.0,0.0,,0.0,0.0
372,Darrius_Heyward-Bey,PIT,4.0,KC,home,W 43-14,1.0,1.0,31.0,31.0,1.0,0.0,0.0,,0.0,9.6
373,Darrius_Heyward-Bey,PIT,6.0,MIA,away,L 15-30,2.0,0.0,0.0,,0.0,1.0,60.0,60.0,1.0,12.0
374,Darrius_Heyward-Bey,PIT,7.0,NE,home,L 16-27,7.0,3.0,30.0,10.0,1.0,0.0,0.0,,0.0,10.5
375,Tyreek_Hill,KC,1.0,SD,home,W 33-27,1.0,1.0,9.0,9.0,1.0,0.0,0.0,,0.0,7.4
376,Tyreek_Hill,KC,2.0,HOU,away,L 12-19,2.0,2.0,8.0,4.0,0.0,1.0,-1.0,-1.0,0.0,1.7
377,Tyreek_Hill,KC,3.0,NYJ,home,W 24-3,4.0,3.0,26.0,8.7,0.0,1.0,-3.0,-3.0,0.0,3.8
378,Tyreek_Hill,KC,4.0,PIT,away,L 14-43,7.0,5.0,24.0,4.8,1.0,1.0,-2.0,-2.0,0.0,10.7
379,Tyreek_Hill,KC,6.0,OAK,away,W 26-10,2.0,2.0,20.0,10.0,0.0,0.0,0.0,,0.0,3.0
380,Tyreek_Hill,KC,7.0,NO,home,W 27-21,1.0,1.0,38.0,38.0,1.0,2.0,23.0,11.5,0.0,12.6
382,T.Y._Hilton,IND,1.0,DET,home,L 35-39,12.0,6.0,79.0,13.2,0.0,0.0,0.0,,0.0,10.9
383,T.Y._Hilton,IND,2.0,DEN,away,L 20-34,11.0,4.0,41.0,10.3,0.0,0.0,0.0,,0.0,6.1
384,T.Y._Hilton,IND,3.0,SD,home,W 26-22,11.0,8.0,174.0,21.8,1.0,0.0,0.0,,0.0,27.4
385,T.Y._Hilton,IND,4.0,JAC,away,L 27-30,10.0,7.0,42.0,6.0,1.0,0.0,0.0,,0.0,13.7
386,T.Y._Hilton,IND,5.0,CHI,home,W 29-23,11.0,10.0,171.0,17.1,1.0,0.0,0.0,,0.0,28.1
387,T.Y._Hilton,IND,6.0,HOU,away,L 23-26,9.0,3.0,49.0,16.3,0.0,0.0,0.0,,0.0,6.4
388,T.Y._Hilton,IND,7.0,TEN,away,W 34-26,12.0,7.0,133.0,19.0,1.0,0.0,0.0,,0.0,22.8
390,Chris_Hogan,NE,1.0,ARI,away,W 23-21,4.0,3.0,60.0,20.0,1.0,0.0,0.0,,0.0,13.5
391,Chris_Hogan,NE,2.0,MIA,home,W 31-24,6.0,4.0,59.0,14.8,0.0,0.0,0.0,,0.0,7.9
392,Chris_Hogan,NE,3.0,HOU,home,W 27-0,3.0,1.0,3.0,3.0,0.0,0.0,0.0,,0.0,0.8
393,Chris_Hogan,NE,4.0,BUF,home,L 0-16,2.0,0.0,0.0,,0.0,0.0,0.0,,0.0,0.0
394,Chris_Hogan,NE,5.0,CLE,away,W 33-13,5.0,4.0,114.0,28.5,0.0,1.0,2.0,2.0,0.0,13.6
395,Chris_Hogan,NE,6.0,CIN,home,W 35-17,1.0,1.0,39.0,39.0,0.0,0.0,0.0,,0.0,4.4
396,Chris_Hogan,NE,7.0,PIT,away,W 27-16,2.0,2.0,25.0,12.5,0.0,0.0,0.0,,0.0,1.5
397,Andre_Holmes,OAK,1.0,NO,away,W 35-34,1.0,0.0,0.0,,0.0,0.0,0.0,,0.0,0.0
398,Andre_Holmes,OAK,2.0,ATL,home,L 28-35,3.0,1.0,6.0,6.0,1.0,0.0,0.0,,0.0,7.1
399,Andre_Holmes,OAK,3.0,TEN,away,W 17-10,1.0,1.0,8.0,8.0,0.0,0.0,0.0,,0.0,1.3
400,Andre_Holmes,OAK,5.0,SD,home,W 34-31,3.0,2.0,13.0,6.5,0.0,0.0,0.0,,0.0,2.3
401,Andre_Holmes,OAK,6.0,KC,home,L 10-26,2.0,2.0,11.0,5.5,1.0,0.0,0.0,,0.0,8.1
402,Andre_Holmes,OAK,7.0,JAC,away,W 33-16,1.0,1.0,5.0,5.0,0.0,0.0,0.0,,0.0,1.0
404,DeAndre_Hopkins,HOU,1.0,CHI,home,W 23-14,8.0,5.0,54.0,10.8,1.0,0.0,0.0,,0.0,13.9
405,DeAndre_Hopkins,HOU,2.0,KC,home,W 19-12,11.0,7.0,113.0,16.1,1.0,0.0,0.0,,0.0,20.8
406,DeAndre_Hopkins,HOU,3.0,NE,away,L 0-27,8.0,4.0,56.0,14.0,0.0,0.0,0.0,,0.0,7.6
407,DeAndre_Hopkins,HOU,4.0,TEN,home,W 27-20,6.0,1.0,4.0,4.0,0.0,0.0,0.0,,0.0,0.9
408,DeAndre_Hopkins,HOU,5.0,MIN,away,L 13-31,9.0,5.0,56.0,11.2,1.0,0.0,0.0,,0.0,14.1
409,DeAndre_Hopkins,HOU,6.0,IND,home,W 26-23,15.0,9.0,71.0,7.9,0.0,0.0,0.0,,0.0,11.6
410,DeAndre_Hopkins,HOU,7.0,DEN,away,L 9-27,12.0,5.0,36.0,7.2,0.0,0.0,0.0,,0.0,6.1
412,Josh_Huff,PHI,1.0,CLE,home,W 29-10,3.0,0.0,0.0,,0.0,0.0,0.0,,0.0,0.0
413,Josh_Huff,PHI,2.0,CHI,away,W 29-14,1.0,1.0,-1.0,-1.0,0.0,1.0,0.0,0.0,0.0,0.4
414,Josh_Huff,PHI,3.0,PIT,home,W 34-3,5.0,4.0,20.0,5.0,0.0,0.0,0.0,,0.0,4.0
415,Josh_Huff,PHI,5.0,DET,away,L 23-24,3.0,3.0,5.0,1.7,1.0,2.0,10.0,5.0,0.0,9.0
416,Josh_Huff,PHI,7.0,MIN,home,W 21-10,4.0,4.0,39.0,9.8,0.0,0.0,0.0,,0.0,5.9
418,Adam_Humphries,TB,1.0,ATL,away,W 31-24,5.0,3.0,34.0,11.3,0.0,1.0,7.0,7.0,0.0,5.6
419,Adam_Humphries,TB,2.0,ARI,away,L 7-40,8.0,6.0,67.0,11.2,0.0,0.0,0.0,,0.0,9.7
420,Adam_Humphries,TB,3.0,LAR,home,L 32-37,12.0,9.0,100.0,11.1,0.0,0.0,0.0,,0.0,14.5
421,Adam_Humphries,TB,4.0,DEN,home,L 7-27,4.0,1.0,4.0,4.0,0.0,0.0,0.0,,0.0,0.9
422,Adam_Humphries,TB,5.0,CAR,away,W 17-14,2.0,1.0,11.0,11.0,0.0,0.0,0.0,,0.0,1.6
423,Adam_Humphries,TB,7.0,SF,away,W 34-17,3.0,2.0,17.0,8.5,0.0,1.0,6.0,6.0,0.0,3.3
425,Justin_Hunter,BUF,1.0,TB,away,W 42-14,2.0,1.0,11.0,11.0,0.0,0.0,0.0,,0.0,1.6
426,Justin_Hunter,BUF,2.0,CLE,away,L 14-28,2.0,2.0,34.0,17.0,0.0,0.0,0.0,,0.0,4.4
427,Justin_Hunter,BUF,3.0,IND,home,L 33-35,2.0,1.0,29.0,29.0,0.0,0.0,0.0,,0.0,3.4
428,Justin_Hunter,BUF,5.0,BUF,home,L 13-14,6.0,4.0,38.0,9.5,0.0,0.0,0.0,,0.0,5.8
429,Justin_Hunter,BUF,6.0,MIA,home,L 10-38,4.0,3.0,54.0,18.0,0.0,0.0,0.0,,0.0,6.9
430,Justin_Hunter,BUF,7.0,ATL,home,L 7-10,4.0,2.0,17.0,8.5,0.0,0.0,0.0,,0.0,2.7
431,Justin_Hunter,BUF,8.0,HOU,away,L 6-20,3.0,2.0,17.0,8.5,0.0,0.0,0.0,,0.0,2.7
432,Justin_Hunter,BUF,9.0,NO,away,W 34-28,4.0,3.0,17.0,5.7,1.0,0.0,0.0,,0.0,9.2
433,Justin_Hunter,BUF,10.0,CAR,home,L 10-27,4.0,4.0,47.0,11.8,0.0,0.0,0.0,,0.0,6.7
434,Allen_Hurns,JAC,1.0,GB,home,L 23-27,5.0,4.0,75.0,18.8,0.0,0.0,0.0,,0.0,9.5
435,Allen_Hurns,JAC,2.0,SD,away,L 14-38,10.0,5.0,64.0,12.8,0.0,0.0,0.0,,0.0,8.9
436,Allen_Hurns,JAC,3.0,BAL,home,L 17-19,8.0,4.0,40.0,10.0,0.0,0.0,0.0,,0.0,6.0
437,Allen_Hurns,JAC,4.0,IND,home,W 30-27,4.0,2.0,47.0,23.5,1.0,0.0,0.0,,0.0,11.7
438,Allen_Hurns,JAC,6.0,CHI,away,W 17-16,11.0,5.0,74.0,14.8,0.0,0.0,0.0,,0.0,9.9
439,Allen_Hurns,JAC,7.0,OAK,home,L 16-33,7.0,4.0,45.0,11.3,0.0,0.0,0.0,,0.0,6.5
440,Allen_Hurns,JAC,8.0,TEN,away,L 22-36,11.0,7.0,98.0,14.0,1.0,0.0,0.0,,0.0,19.3
442,Dontrelle_Inman,SD,1.0,KC,away,L 27-33,3.0,1.0,6.0,6.0,0.0,0.0,0.0,,0.0,1.1
443,Dontrelle_Inman,SD,2.0,JAC,home,W 38-14,3.0,1.0,7.0,7.0,0.0,0.0,0.0,,0.0,1.2
444,Dontrelle_Inman,SD,3.0,IND,away,L 22-26,4.0,3.0,32.0,10.7,0.0,0.0,0.0,,0.0,4.7
445,Dontrelle_Inman,SD,4.0,NO,home,L 34-35,11.0,7.0,120.0,17.1,1.0,0.0,0.0,,0.0,21.5
446,Dontrelle_Inman,SD,5.0,OAK,away,L 31-34,3.0,1.0,3.0,3.0,0.0,0.0,0.0,,0.0,0.8
447,Dontrelle_Inman,SD,6.0,DEN,home,W 21-13,1.0,1.0,11.0,11.0,0.0,0.0,0.0,,0.0,1.6
448,Dontrelle_Inman,SD,7.0,ATL,away,W 33-30,6.0,3.0,58.0,19.3,0.0,0.0,0.0,,0.0,7.3
450,DeSean_Jackson,WAS,1.0,PIT,home,L 16-38,10.0,6.0,102.0,17.0,0.0,0.0,0.0,,0.0,13.2
451,DeSean_Jackson,WAS,2.0,DAL,home,L 23-27,5.0,3.0,40.0,13.3,0.0,0.0,0.0,,0.0,5.5
452,DeSean_Jackson,WAS,3.0,NYG,away,W 29-27,8.0,5.0,96.0,19.2,1.0,0.0,0.0,,0.0,18.1
453,DeSean_Jackson,WAS,4.0,CLE,home,W 31-20,2.0,1.0,5.0,5.0,0.0,0.0,0.0,,0.0,1.0
454,DeSean_Jackson,WAS,5.0,BAL,away,W 16-10,7.0,3.0,35.0,11.7,0.0,0.0,0.0,,0.0,5.0
455,DeSean_Jackson,WAS,6.0,PHI,home,W 27-20,9.0,4.0,55.0,13.8,0.0,0.0,0.0,,0.0,7.5
456,DeSean_Jackson,WAS,7.0,DET,away,L 17-20,8.0,5.0,35.0,7.0,0.0,0.0,0.0,,0.0,6.0
458,Vincent_Jackson,TB,1.0,ATL,away,W 31-24,7.0,2.0,18.0,9.0,0.0,0.0,0.0,,0.0,2.8
459,Vincent_Jackson,TB,2.0,ARI,away,L 7-40,9.0,4.0,44.0,11.0,0.0,0.0,0.0,,0.0,6.4
460,Vincent_Jackson,TB,3.0,LAR,home,L 32-37,6.0,3.0,37.0,12.3,0.0,0.0,0.0,,0.0,5.2
461,Vincent_Jackson,TB,4.0,DEN,home,L 7-27,5.0,3.0,38.0,12.7,0.0,0.0,0.0,,0.0,5.3
462,Vincent_Jackson,TB,5.0,CAR,away,W 17-14,5.0,3.0,36.0,12.0,0.0,0.0,0.0,,0.0,5.1
464,Jeff_Janis,GB,6.0,DAL,home,L 16-30,2.0,2.0,14.0,7.0,0.0,0.0,0.0,,0.0,2.4
465,Jeff_Janis,GB,7.0,CHI,home,W 26-10,5.0,2.0,9.0,4.5,0.0,0.0,0.0,,0.0,1.9
467,Alshon_Jeffery,CHI,1.0,HOU,away,L 14-23,6.0,4.0,105.0,26.3,0.0,0.0,0.0,,0.0,12.5
468,Alshon_Jeffery,CHI,2.0,PHI,home,L 14-29,7.0,5.0,96.0,19.2,0.0,0.0,0.0,,0.0,12.1
469,Alshon_Jeffery,CHI,3.0,DAL,away,L 17-31,7.0,5.0,70.0,14.0,0.0,0.0,0.0,,0.0,9.5
470,Alshon_Jeffery,CHI,4.0,DET,home,W 17-14,5.0,3.0,46.0,15.3,0.0,0.0,0.0,,0.0,6.1
471,Alshon_Jeffery,CHI,5.0,IND,away,L 23-29,6.0,5.0,77.0,15.4,0.0,0.0,0.0,,0.0,10.2
472,Alshon_Jeffery,CHI,6.0,JAC,home,L 16-17,13.0,7.0,93.0,13.3,0.0,0.0,0.0,,0.0,12.8
473,Alshon_Jeffery,CHI,7.0,GB,away,L 10-26,11.0,3.0,33.0,11.0,0.0,0.0,0.0,,0.0,4.8
474,Andre_Johnson,TEN,1.0,MIN,home,L 16-25,7.0,3.0,30.0,10.0,0.0,0.0,0.0,,0.0,4.5
475,Andre_Johnson,TEN,2.0,DET,away,W 16-15,2.0,1.0,9.0,9.0,1.0,0.0,0.0,,0.0,7.4
476,Andre_Johnson,TEN,3.0,OAK,home,L 10-17,3.0,0.0,0.0,,0.0,0.0,0.0,,0.0,0.0
477,Andre_Johnson,TEN,4.0,HOU,away,L 20-27,5.0,3.0,33.0,11.0,0.0,0.0,0.0,,0.0,4.8
478,Andre_Johnson,TEN,5.0,MIA,away,W 30-17,4.0,2.0,13.0,6.5,1.0,0.0,0.0,,0.0,8.3
479,Andre_Johnson,TEN,7.0,IND,home,L 26-34,2.0,0.0,0.0,,0.0,0.0,0.0,,0.0,0.0
481,Charles_Johnson,MIN,1.0,TEN,away,W 25-16,6.0,1.0,5.0,5.0,0.0,0.0,0.0,,0.0,1.0
482,Charles_Johnson,MIN,2.0,GB,home,W 17-14,2.0,2.0,15.0,7.5,0.0,0.0,0.0,,0.0,2.5
483,Charles_Johnson,MIN,3.0,CAR,away,W 22-10,2.0,0.0,0.0,,0.0,0.0,0.0,,0.0,0.0
484,Charles_Johnson,MIN,4.0,NYG,home,W 24-10,4.0,2.0,70.0,35.0,0.0,0.0,0.0,,0.0,8.0
485,Charles_Johnson,MIN,5.0,HOU,home,W 31-13,1.0,1.0,2.0,2.0,0.0,0.0,0.0,,0.0,0.7
486,Charles_Johnson,MIN,7.0,PHI,away,L 10-21,1.0,0.0,0.0,,0.0,0.0,0.0,,0.0,0.0
488,Julio_Jones,ATL,1.0,TB,home,L 24-31,8.0,4.0,66.0,16.5,1.0,0.0,0.0,,0.0,14.6
489,Julio_Jones,ATL,2.0,OAK,away,W 35-28,5.0,5.0,106.0,21.2,1.0,0.0,0.0,,0.0,19.1
490,Julio_Jones,ATL,3.0,NO,away,W 45-32,7.0,1.0,16.0,16.0,0.0,0.0,0.0,,0.0,2.1
491,Julio_Jones,ATL,4.0,CAR,home,W 48-33,15.0,12.0,300.0,25.0,1.0,0.0,0.0,,0.0,42.0
492,Julio_Jones,ATL,5.0,DEN,away,W 23-16,6.0,2.0,29.0,14.5,0.0,0.0,0.0,,0.0,3.9
493,Julio_Jones,ATL,6.0,SEA,away,L 24-26,9.0,7.0,139.0,19.9,1.0,0.0,0.0,,0.0,23.4
494,Julio_Jones,ATL,7.0,SD,home,L 30-33,15.0,9.0,174.0,19.3,0.0,0.0,0.0,,0.0,21.9
496,Marvin_Jones,DET,1.0,IND,away,W 39-35,10.0,4.0,85.0,21.3,0.0,0.0,0.0,,0.0,10.5
497,Marvin_Jones,DET,2.0,TEN,home,L 15-16,11.0,8.0,118.0,14.8,0.0,0.0,0.0,,0.0,15.8
498,Marvin_Jones,DET,3.0,GB,away,L 27-34,8.0,6.0,205.0,34.2,2.0,0.0,0.0,,0.0,35.5
499,Marvin_Jones,DET,4.0,CHI,away,L 14-17,7.0,5.0,74.0,14.8,0.0,0.0,0.0,,0.0,9.9
500,Marvin_Jones,DET,5.0,PHI,home,W 24-23,5.0,4.0,37.0,9.3,1.0,0.0,0.0,,0.0,11.7
501,Marvin_Jones,DET,6.0,LAR,home,W 31-28,6.0,2.0,10.0,5.0,1.0,1.0,3.0,3.0,0.0,8.3
502,Marvin_Jones,DET,7.0,WAS,home,W 20-17,5.0,4.0,94.0,23.5,0.0,0.0,0.0,,0.0,11.4
503,Jermaine_Kearse,SEA,1.0,MIA,home,W 12-10,7.0,5.0,57.0,11.4,0.0,0.0,0.0,,0.0,8.2
504,Jermaine_Kearse,SEA,2.0,LAR,away,L 3-9,6.0,2.0,11.0,5.5,0.0,0.0,0.0,,0.0,2.1
505,Jermaine_Kearse,SEA,3.0,SF,home,W 37-18,2.0,2.0,11.0,5.5,0.0,0.0,0.0,,0.0,2.1
506,Jermaine_Kearse,SEA,4.0,NYJ,away,W 27-17,3.0,3.0,23.0,7.7,0.0,0.0,0.0,,0.0,3.8
507,Jermaine_Kearse,SEA,6.0,ATL,home,W 26-24,5.0,3.0,35.0,11.7,0.0,0.0,0.0,,0.0,5.0
508,Jermaine_Kearse,SEA,7.0,ARI,away,T 6-6,4.0,3.0,51.0,17.0,0.0,0.0,0.0,,0.0,6.6
510,Jeremy_Kerley,SF,1.0,LAR,home,W 28-0,11.0,7.0,61.0,8.7,0.0,0.0,0.0,,0.0,9.6
511,Jeremy_Kerley,SF,2.0,CAR,away,L 27-46,6.0,3.0,29.0,9.7,0.0,0.0,0.0,,0.0,4.4
512,Jeremy_Kerley,SF,3.0,SEA,away,L 18-37,6.0,2.0,24.0,12.0,0.0,0.0,0.0,,0.0,3.4
513,Jeremy_Kerley,SF,4.0,DAL,home,L 17-24,9.0,6.0,88.0,14.7,1.0,0.0,0.0,,0.0,17.8
514,Jeremy_Kerley,SF,5.0,ARI,home,L 21-33,13.0,8.0,102.0,12.8,1.0,0.0,0.0,,0.0,20.2
515,Jeremy_Kerley,SF,6.0,BUF,away,L 16-45,7.0,2.0,12.0,6.0,0.0,0.0,0.0,,0.0,2.2
516,Jeremy_Kerley,SF,7.0,TB,home,L 17-34,5.0,2.0,15.0,7.5,0.0,0.0,0.0,,0.0,2.5
518,Tavarres_King,NYG,17.0,NO,home,L 20-23,3.0,2.0,13.0,6.5,0.0,0.0,0.0,,0.0,2.3
520,Brandon_LaFell,CIN,1.0,NYJ,away,W 23-22,4.0,4.0,91.0,22.8,0.0,0.0,0.0,,0.0,11.1
521,Brandon_LaFell,CIN,2.0,PIT,away,L 16-24,8.0,3.0,39.0,13.0,0.0,0.0,0.0,,0.0,5.4
522,Brandon_LaFell,CIN,3.0,DEN,home,L 17-29,3.0,2.0,34.0,17.0,0.0,1.0,-2.0,-2.0,0.0,4.2
523,Brandon_LaFell,CIN,4.0,MIA,home,W 22-7,6.0,4.0,44.0,11.0,0.0,0.0,0.0,,0.0,6.4
524,Brandon_LaFell,CIN,5.0,DAL,away,L 14-28,11.0,8.0,68.0,8.5,2.0,0.0,0.0,,0.0,22.8
525,Brandon_LaFell,CIN,6.0,NE,away,L 17-35,5.0,2.0,13.0,6.5,1.0,0.0,0.0,,0.0,8.3
526,Brandon_LaFell,CIN,7.0,CLE,home,W 31-17,5.0,4.0,83.0,20.8,1.0,0.0,0.0,,0.0,16.3
527,Jarvis_Landry,MIA,1.0,SEA,away,L 10-12,10.0,7.0,59.0,8.4,0.0,0.0,0.0,,0.0,9.4
528,Jarvis_Landry,MIA,2.0,NE,away,L 24-31,13.0,10.0,137.0,13.7,0.0,0.0,0.0,,0.0,16.7
529,Jarvis_Landry,MIA,3.0,CLE,home,W 30-24,12.0,7.0,120.0,17.1,1.0,2.0,16.0,8.0,0.0,23.1
530,Jarvis_Landry,MIA,4.0,CIN,away,L 7-22,10.0,7.0,61.0,8.7,0.0,0.0,0.0,,0.0,9.6
531,Jarvis_Landry,MIA,5.0,TEN,home,L 17-30,3.0,3.0,28.0,9.3,0.0,1.0,2.0,2.0,0.0,4.5
532,Jarvis_Landry,MIA,6.0,PIT,home,W 30-15,9.0,7.0,91.0,13.0,0.0,0.0,0.0,,0.0,12.6
533,Jarvis_Landry,MIA,7.0,BUF,home,W 28-25,8.0,5.0,78.0,15.6,0.0,0.0,0.0,,0.0,10.3
535,Cody_Latimer,DEN,2.0,IND,home,W 34-20,2.0,2.0,12.0,6.0,0.0,0.0,0.0,,0.0,2.2
536,Cody_Latimer,DEN,3.0,CIN,away,W 29-17,1.0,1.0,10.0,10.0,0.0,0.0,0.0,,0.0,1.5
537,Cody_Latimer,DEN,4.0,TB,away,W 27-7,2.0,0.0,0.0,,0.0,0.0,0.0,,0.0,0.0
538,Marqise_Lee,JAC,1.0,GB,home,L 23-27,4.0,2.0,22.0,11.0,0.0,0.0,0.0,,0.0,3.2
539,Marqise_Lee,JAC,2.0,SD,away,L 14-38,7.0,5.0,75.0,15.0,0.0,0.0,0.0,,0.0,10.0
540,Marqise_Lee,JAC,3.0,BAL,home,L 17-19,7.0,5.0,44.0,8.8,0.0,0.0,0.0,,0.0,6.9
541,Marqise_Lee,JAC,4.0,IND,home,W 30-27,6.0,4.0,28.0,7.0,0.0,0.0,0.0,,0.0,4.8
542,Marqise_Lee,JAC,6.0,CHI,away,W 17-16,6.0,6.0,61.0,10.2,0.0,0.0,0.0,,0.0,9.1
543,Marqise_Lee,JAC,7.0,OAK,home,L 16-33,8.0,7.0,107.0,15.3,0.0,0.0,0.0,,0.0,14.2
544,Marqise_Lee,JAC,8.0,TEN,away,L 22-36,3.0,1.0,21.0,21.0,0.0,0.0,0.0,,0.0,0.6
546,Tyler_Lockett,SEA,1.0,MIA,home,W 12-10,8.0,3.0,17.0,5.7,0.0,0.0,0.0,,0.0,3.2
547,Tyler_Lockett,SEA,2.0,LAR,away,L 3-9,4.0,4.0,99.0,24.8,0.0,0.0,0.0,,0.0,11.9
548,Tyler_Lockett,SEA,4.0,NYJ,away,W 27-17,3.0,1.0,13.0,13.0,0.0,0.0,0.0,,0.0,1.8
549,Tyler_Lockett,SEA,6.0,ATL,home,W 26-24,5.0,3.0,23.0,7.7,0.0,1.0,2.0,2.0,0.0,4.0
550,Tyler_Lockett,SEA,7.0,ARI,away,T 6-6,2.0,2.0,13.0,6.5,0.0,0.0,0.0,,0.0,2.3
551,Jeremy_Maclin,KC,1.0,SD,home,W 33-27,7.0,5.0,63.0,12.6,1.0,1.0,-1.0,-1.0,0.0,14.7
552,Jeremy_Maclin,KC,2.0,HOU,away,L 12-19,15.0,6.0,68.0,11.3,0.0,0.0,0.0,,0.0,9.8
553,Jeremy_Maclin,KC,3.0,NYJ,home,W 24-3,7.0,4.0,35.0,8.8,0.0,0.0,0.0,,0.0,5.5
554,Jeremy_Maclin,KC,4.0,PIT,away,L 14-43,8.0,5.0,78.0,15.6,0.0,0.0,0.0,,0.0,10.3
555,Jeremy_Maclin,KC,6.0,OAK,away,W 26-10,3.0,3.0,49.0,16.3,0.0,0.0,0.0,,0.0,6.4
556,Jeremy_Maclin,KC,7.0,NO,home,W 27-21,5.0,4.0,40.0,10.0,0.0,0.0,0.0,,0.0,6.0
558,Bradley_Marquez,LAR,8.0,SF,home,W 27-6,1.0,1.0,5.0,5.0,0.0,0.0,0.0,,0.0,1.0
559,Bradley_Marquez,LAR,9.0,MIN,away,L 18-21,1.0,1.0,3.0,3.0,0.0,0.0,0.0,,0.0,0.8
560,Bradley_Marquez,LAR,10.0,CHI,home,L 13-37,4.0,2.0,19.0,9.5,0.0,0.0,0.0,,0.0,2.9
561,Bradley_Marquez,LAR,12.0,CIN,away,L 7-31,5.0,3.0,13.0,4.3,0.0,0.0,0.0,,0.0,2.8
562,Bradley_Marquez,LAR,13.0,ARI,home,L 3-27,3.0,3.0,16.0,5.3,0.0,0.0,0.0,,0.0,3.1
563,Bradley_Marquez,LAR,14.0,DET,home,W 21-14,3.0,3.0,32.0,10.7,0.0,0.0,0.0,,0.0,4.7
564,Bradley_Marquez,LAR,15.0,TB,home,W 31-23,1.0,0.0,0.0,,0.0,0.0,0.0,,0.0,0.0
565,Bradley_Marquez,LAR,16.0,SEA,away,W 23-17,1.0,0.0,0.0,,0.0,0.0,0.0,,0.0,0.0
566,Bradley_Marquez,LAR,17.0,SF,away,L 16-19,3.0,0.0,0.0,,0.0,0.0,0.0,,0.0,0.0
568,Brandon_Marshall,NYJ,1.0,CIN,home,L 22-23,8.0,3.0,32.0,10.7,0.0,0.0,0.0,,0.0,4.7
569,Brandon_Marshall,NYJ,2.0,BUF,away,W 37-31,9.0,6.0,101.0,16.8,0.0,0.0,0.0,,0.0,13.1
570,Brandon_Marshall,NYJ,3.0,KC,away,L 3-24,10.0,3.0,27.0,9.0,0.0,0.0,0.0,,0.0,4.2
571,Brandon_Marshall,NYJ,4.0,SEA,home,L 17-27,12.0,4.0,89.0,22.3,1.0,0.0,0.0,,0.0,16.9
572,Brandon_Marshall,NYJ,5.0,PIT,away,L 13-31,15.0,8.0,114.0,14.3,1.0,0.0,0.0,,0.0,21.4
573,Brandon_Marshall,NYJ,6.0,ARI,away,L 3-28,6.0,3.0,70.0,23.3,0.0,0.0,0.0,,0.0,8.5
574,Brandon_Marshall,NYJ,7.0,BAL,home,W 24-16,8.0,3.0,39.0,13.0,0.0,0.0,0.0,,0.0,5.4
576,Freddie_Martino,TB,7.0,BAL,away,L 7-29,1.0,0.0,0.0,,0.0,0.0,0.0,,0.0,0.0
578,Jordan_Matthews,PHI,1.0,CLE,home,W 29-10,14.0,7.0,114.0,16.3,1.0,0.0,0.0,,0.0,20.9
579,Jordan_Matthews,PHI,2.0,CHI,away,W 29-14,9.0,6.0,71.0,11.8,0.0,0.0,0.0,,0.0,10.1
580,Jordan_Matthews,PHI,3.0,PIT,home,W 34-3,3.0,2.0,19.0,9.5,1.0,0.0,0.0,,0.0,8.9
581,Jordan_Matthews,PHI,5.0,DET,away,L 23-24,4.0,4.0,65.0,16.3,0.0,0.0,0.0,,0.0,8.5
582,Jordan_Matthews,PHI,6.0,WAS,away,L 20-27,7.0,3.0,75.0,25.0,0.0,0.0,0.0,,0.0,9.0
583,Jordan_Matthews,PHI,7.0,MIN,home,W 21-10,4.0,3.0,10.0,3.3,0.0,0.0,0.0,,0.0,2.5
584,Rishard_Matthews,TEN,1.0,MIN,home,L 16-25,4.0,3.0,26.0,8.7,0.0,0.0,0.0,,0.0,4.1
585,Rishard_Matthews,TEN,2.0,DET,away,W 16-15,6.0,4.0,40.0,10.0,0.0,0.0,0.0,,0.0,6.0
586,Rishard_Matthews,TEN,3.0,OAK,home,L 10-17,8.0,3.0,32.0,10.7,0.0,0.0,0.0,,0.0,4.7
587,Rishard_Matthews,TEN,4.0,HOU,away,L 20-27,2.0,2.0,82.0,41.0,0.0,0.0,0.0,,0.0,9.2
588,Rishard_Matthews,TEN,5.0,MIA,away,W 30-17,4.0,4.0,32.0,8.0,1.0,0.0,0.0,,0.0,11.2
589,Rishard_Matthews,TEN,6.0,CLE,home,W 28-26,3.0,3.0,70.0,23.3,1.0,0.0,0.0,,0.0,14.5
590,Rishard_Matthews,TEN,7.0,IND,home,L 26-34,7.0,4.0,37.0,9.3,0.0,0.0,0.0,,0.0,5.7
591,Rishard_Matthews,TEN,8.0,JAC,home,W 36-22,4.0,4.0,38.0,9.5,1.0,0.0,0.0,,0.0,11.8
593,Braxton_Miller,HOU,1.0,CHI,home,W 23-14,3.0,1.0,6.0,6.0,0.0,0.0,0.0,,0.0,1.1
594,Braxton_Miller,HOU,2.0,KC,home,W 19-12,3.0,1.0,3.0,3.0,0.0,1.0,-2.0,-2.0,0.0,0.6
595,Braxton_Miller,HOU,5.0,MIN,away,L 13-31,1.0,1.0,12.0,12.0,0.0,0.0,0.0,,0.0,1.7
596,Braxton_Miller,HOU,6.0,IND,home,W 26-23,4.0,2.0,13.0,6.5,0.0,0.0,0.0,,0.0,2.3
597,Malcolm_Mitchell,NE,1.0,ARI,away,W 23-21,5.0,2.0,33.0,16.5,0.0,0.0,0.0,,0.0,4.3
598,Malcolm_Mitchell,NE,2.0,MIA,home,W 31-24,2.0,1.0,15.0,15.0,0.0,0.0,0.0,,0.0,2.0
599,Malcolm_Mitchell,NE,3.0,HOU,home,W 27-0,2.0,1.0,27.0,27.0,0.0,0.0,0.0,,0.0,3.2
600,Malcolm_Mitchell,NE,5.0,CLE,away,W 33-13,3.0,2.0,7.0,3.5,0.0,0.0,0.0,,0.0,1.7
601,Malcolm_Mitchell,NE,7.0,PIT,away,W 27-16,1.0,0.0,0.0,,0.0,0.0,0.0,,0.0,0.0
603,Donte_Moncrief,IND,1.0,DET,home,L 35-39,7.0,6.0,64.0,10.7,1.0,0.0,0.0,,0.0,15.4
604,Donte_Moncrief,IND,2.0,DEN,away,L 20-34,3.0,1.0,9.0,9.0,0.0,0.0,0.0,,0.0,1.4
606,Ty_Montgomery,GB,3.0,DET,home,W 34-27,0.0,0.0,0.0,,0.0,1.0,-1.0,-1.0,0.0,-0.1
607,Ty_Montgomery,GB,5.0,NYG,home,W 23-16,0.0,0.0,0.0,,0.0,1.0,1.0,1.0,0.0,0.1
608,Ty_Montgomery,GB,6.0,DAL,home,L 16-30,12.0,10.0,98.0,9.8,0.0,3.0,6.0,2.0,0.0,13.4
609,Ty_Montgomery,GB,7.0,CHI,home,W 26-10,13.0,10.0,66.0,6.6,0.0,9.0,60.0,6.7,0.0,17.6
611,J.J._Nelson,ARI,1.0,NE,home,L 21-23,2.0,1.0,11.0,11.0,0.0,0.0,0.0,,0.0,1.6
612,J.J._Nelson,ARI,4.0,LAR,home,L 13-17,1.0,1.0,24.0,24.0,0.0,0.0,0.0,,0.0,2.9
613,J.J._Nelson,ARI,5.0,SF,away,W 33-21,1.0,0.0,0.0,,0.0,0.0,0.0,,0.0,0.0
614,J.J._Nelson,ARI,6.0,NYJ,home,W 28-3,2.0,2.0,16.0,8.0,0.0,2.0,23.0,11.5,0.0,4.9
615,J.J._Nelson,ARI,7.0,SEA,home,T 6-6,7.0,3.0,84.0,28.0,0.0,1.0,4.0,4.0,0.0,10.3
617,Jordy_Nelson,GB,1.0,JAC,away,W 27-23,9.0,6.0,32.0,5.3,1.0,0.0,0.0,,0.0,12.2
618,Jordy_Nelson,GB,2.0,MIN,away,L 14-17,11.0,5.0,73.0,14.6,1.0,0.0,0.0,,0.0,15.8
619,Jordy_Nelson,GB,3.0,DET,home,W 34-27,7.0,6.0,101.0,16.8,2.0,0.0,0.0,,0.0,25.1
620,Jordy_Nelson,GB,5.0,NYG,home,W 23-16,13.0,4.0,38.0,9.5,1.0,0.0,0.0,,0.0,11.8
621,Jordy_Nelson,GB,6.0,DAL,home,L 16-30,7.0,5.0,68.0,13.6,0.0,0.0,0.0,,0.0,7.3
622,Jordy_Nelson,GB,7.0,CHI,home,W 26-10,4.0,1.0,9.0,9.0,0.0,0.0,0.0,,0.0,1.4
624,Jordan_Norwood,DEN,1.0,CAR,home,W 21-20,1.0,0.0,0.0,,0.0,0.0,0.0,,0.0,0.0
625,Jordan_Norwood,DEN,2.0,IND,home,W 34-20,4.0,3.0,24.0,8.0,0.0,0.0,0.0,,0.0,3.9
626,Jordan_Norwood,DEN,3.0,CIN,away,W 29-17,2.0,0.0,0.0,,0.0,1.0,0.0,0.0,0.0,0.0
627,Jordan_Norwood,DEN,4.0,TB,away,W 27-7,2.0,2.0,25.0,12.5,0.0,0.0,0.0,,0.0,3.5
628,Jordan_Norwood,DEN,5.0,ATL,home,L 16-23,3.0,2.0,24.0,12.0,0.0,0.0,0.0,,0.0,3.4
629,Jordan_Norwood,DEN,6.0,SD,away,L 13-21,7.0,5.0,39.0,7.8,0.0,0.0,0.0,,0.0,6.4
630,Jordan_Norwood,DEN,7.0,HOU,home,W 27-9,2.0,1.0,8.0,8.0,0.0,0.0,0.0,,0.0,1.3
632,DeVante_Parker,MIA,2.0,NE,away,L 24-31,13.0,8.0,106.0,13.3,0.0,0.0,0.0,,0.0,14.6
633,DeVante_Parker,MIA,3.0,CLE,home,W 30-24,6.0,3.0,51.0,17.0,1.0,0.0,0.0,,0.0,12.6
634,DeVante_Parker,MIA,4.0,CIN,away,L 7-22,3.0,2.0,20.0,10.0,0.0,0.0,0.0,,0.0,3.0
635,DeVante_Parker,MIA,5.0,TEN,home,L 17-30,3.0,2.0,70.0,35.0,0.0,0.0,0.0,,0.0,8.0
636,DeVante_Parker,MIA,6.0,PIT,home,W 30-15,7.0,5.0,28.0,5.6,0.0,0.0,0.0,,0.0,5.3
637,DeVante_Parker,MIA,7.0,BUF,home,W 28-25,4.0,3.0,20.0,6.7,0.0,0.0,0.0,,0.0,3.5
639,Cordarrelle_Patterson,MIN,1.0,TEN,away,W 25-16,1.0,1.0,6.0,6.0,0.0,1.0,8.0,8.0,0.0,1.9
640,Cordarrelle_Patterson,MIN,2.0,GB,home,W 17-14,0.0,0.0,0.0,,0.0,1.0,-2.0,-2.0,0.0,-0.2
641,Cordarrelle_Patterson,MIN,3.0,CAR,away,W 22-10,1.0,1.0,8.0,8.0,0.0,0.0,0.0,,0.0,1.3
642,Cordarrelle_Patterson,MIN,4.0,NYG,home,W 24-10,6.0,5.0,38.0,7.6,0.0,1.0,2.0,2.0,0.0,6.5
643,Cordarrelle_Patterson,MIN,5.0,HOU,home,W 31-13,6.0,4.0,39.0,9.8,1.0,1.0,7.0,7.0,0.0,12.6
644,Cordarrelle_Patterson,MIN,7.0,PHI,away,L 10-21,7.0,7.0,67.0,9.6,1.0,0.0,0.0,,0.0,16.2
645,Quinton_Patton,SF,1.0,LAR,home,W 28-0,5.0,5.0,60.0,12.0,0.0,0.0,0.0,,0.0,8.5
646,Quinton_Patton,SF,2.0,CAR,away,L 27-46,6.0,3.0,25.0,8.3,0.0,0.0,0.0,,0.0,4.0
647,Quinton_Patton,SF,3.0,SEA,away,L 18-37,4.0,1.0,8.0,8.0,0.0,0.0,0.0,,0.0,1.3
648,Quinton_Patton,SF,4.0,DAL,home,L 17-24,3.0,1.0,13.0,13.0,0.0,0.0,0.0,,0.0,1.8
649,Quinton_Patton,SF,5.0,ARI,home,L 21-33,2.0,2.0,16.0,8.0,0.0,0.0,0.0,,0.0,2.6
650,Quinton_Patton,SF,6.0,BUF,away,L 16-45,7.0,4.0,52.0,13.0,0.0,0.0,0.0,,0.0,7.2
651,Quinton_Patton,SF,7.0,TB,home,L 17-34,4.0,3.0,13.0,4.3,0.0,0.0,0.0,,0.0,2.8
652,Breshad_Perriman,BAL,1.0,BUF,home,W 13-7,2.0,1.0,35.0,35.0,0.0,0.0,0.0,,0.0,4.0
653,Breshad_Perriman,BAL,2.0,CLE,away,W 25-20,5.0,2.0,32.0,16.0,0.0,0.0,0.0,,0.0,4.2
654,Breshad_Perriman,BAL,3.0,JAC,away,W 19-17,4.0,2.0,22.0,11.0,0.0,1.0,2.0,2.0,0.0,3.4
655,Breshad_Perriman,BAL,4.0,OAK,home,L 27-28,5.0,3.0,24.0,8.0,0.0,0.0,0.0,,0.0,3.9
656,Breshad_Perriman,BAL,5.0,WAS,home,L 10-16,5.0,2.0,11.0,5.5,0.0,0.0,0.0,,0.0,2.1
657,Breshad_Perriman,BAL,6.0,NYG,away,L 23-27,8.0,3.0,48.0,16.0,0.0,0.0,0.0,,0.0,6.3
658,Breshad_Perriman,BAL,7.0,NYJ,away,L 16-24,5.0,1.0,11.0,11.0,0.0,0.0,0.0,,0.0,1.6
660,Terrelle_Pryor,CLE,1.0,PHI,away,L 10-29,7.0,3.0,68.0,22.7,0.0,0.0,0.0,,0.0,8.3
661,Terrelle_Pryor,CLE,2.0,BAL,home,L 20-25,10.0,3.0,32.0,10.7,0.0,0.0,0.0,,0.0,4.7
662,Terrelle_Pryor,CLE,3.0,MIA,away,L 24-30,14.0,8.0,144.0,18.0,0.0,4.0,21.0,5.3,1.0,26.5
663,Terrelle_Pryor,CLE,4.0,WAS,away,L 20-31,9.0,5.0,46.0,9.2,1.0,1.0,-6.0,-6.0,0.0,12.5
664,Terrelle_Pryor,CLE,5.0,NE,home,L 13-33,6.0,5.0,48.0,9.6,0.0,2.0,3.0,1.5,0.0,7.6
665,Terrelle_Pryor,CLE,6.0,TEN,away,L 26-28,13.0,9.0,75.0,8.3,2.0,1.0,3.0,3.0,0.0,24.3
666,Terrelle_Pryor,CLE,7.0,CIN,away,L 17-31,4.0,2.0,18.0,9.0,0.0,0.0,0.0,,0.0,2.8
667,Brian_Quick,LAR,1.0,SF,away,L 0-28,5.0,3.0,23.0,7.7,0.0,0.0,0.0,,0.0,3.8
668,Brian_Quick,LAR,2.0,SEA,home,W 9-3,1.0,1.0,8.0,8.0,0.0,0.0,0.0,,0.0,1.3
669,Brian_Quick,LAR,3.0,TB,away,W 37-32,2.0,2.0,53.0,26.5,1.0,0.0,0.0,,0.0,12.3
670,Brian_Quick,LAR,4.0,ARI,away,W 17-13,6.0,2.0,69.0,34.5,2.0,0.0,0.0,,0.0,19.9
671,Brian_Quick,LAR,5.0,BUF,home,L 19-30,4.0,3.0,51.0,17.0,0.0,0.0,0.0,,0.0,6.6
672,Brian_Quick,LAR,6.0,DET,away,L 28-31,5.0,5.0,61.0,12.2,0.0,0.0,0.0,,0.0,8.6
673,Brian_Quick,LAR,7.0,NYG,home,L 10-17,9.0,4.0,92.0,23.0,0.0,0.0,0.0,,0.0,11.2
674,Paul_Richardson,SEA,1.0,MIA,home,W 12-10,2.0,1.0,11.0,11.0,0.0,0.0,0.0,,0.0,1.6
675,Paul_Richardson,SEA,2.0,LAR,away,L 3-9,6.0,3.0,35.0,11.7,0.0,0.0,0.0,,0.0,5.0
676,Paul_Richardson,SEA,4.0,NYJ,away,W 27-17,1.0,1.0,27.0,27.0,0.0,0.0,0.0,,0.0,3.2
677,Paul_Richardson,SEA,7.0,ARI,away,T 6-6,2.0,1.0,10.0,10.0,0.0,0.0,0.0,,0.0,1.5
678,Andre_Roberts,DET,1.0,IND,away,W 39-35,1.0,1.0,8.0,8.0,0.0,0.0,0.0,,0.0,1.3
679,Andre_Roberts,DET,3.0,GB,away,L 27-34,1.0,0.0,0.0,,0.0,0.0,0.0,,0.0,0.0
680,Andre_Roberts,DET,4.0,CHI,away,L 14-17,1.0,1.0,8.0,8.0,0.0,0.0,0.0,,0.0,1.3
681,Andre_Roberts,DET,5.0,PHI,home,W 24-23,1.0,0.0,0.0,,0.0,0.0,0.0,,0.0,0.0
682,Andre_Roberts,DET,6.0,LAR,home,W 31-28,2.0,2.0,13.0,6.5,1.0,0.0,0.0,,0.0,8.3
683,Andre_Roberts,DET,7.0,WAS,home,W 20-17,2.0,1.0,20.0,20.0,0.0,0.0,0.0,,0.0,2.5
684,Seth_Roberts,OAK,1.0,NO,away,W 35-34,4.0,2.0,19.0,9.5,1.0,0.0,0.0,,0.0,8.9
685,Seth_Roberts,OAK,2.0,ATL,home,L 28-35,6.0,3.0,25.0,8.3,0.0,0.0,0.0,,0.0,4.0
686,Seth_Roberts,OAK,3.0,TEN,away,W 17-10,6.0,2.0,27.0,13.5,1.0,0.0,0.0,,0.0,9.7
687,Seth_Roberts,OAK,4.0,BAL,away,W 28-27,3.0,3.0,12.0,4.0,1.0,0.0,0.0,,0.0,8.7
688,Seth_Roberts,OAK,5.0,SD,home,W 34-31,3.0,2.0,22.0,11.0,0.0,0.0,0.0,,0.0,3.2
689,Seth_Roberts,OAK,6.0,KC,home,L 10-26,6.0,3.0,29.0,9.7,0.0,0.0,0.0,,0.0,4.4
690,Seth_Roberts,OAK,7.0,JAC,away,W 33-16,9.0,4.0,42.0,10.5,0.0,0.0,0.0,,0.0,6.2
691,Aldrick_Robinson,ATL,2.0,OAK,away,W 35-28,3.0,2.0,30.0,15.0,0.0,0.0,0.0,,0.0,4.0
692,Aldrick_Robinson,ATL,3.0,NO,away,W 45-32,2.0,1.0,4.0,4.0,0.0,0.0,0.0,,0.0,0.9
693,Aldrick_Robinson,ATL,4.0,CAR,home,W 48-33,3.0,2.0,48.0,24.0,1.0,0.0,0.0,,0.0,11.8
694,Aldrick_Robinson,ATL,5.0,DEN,away,W 23-16,1.0,0.0,0.0,,0.0,0.0,0.0,,0.0,0.0
695,Aldrick_Robinson,ATL,6.0,SEA,away,L 24-26,2.0,1.0,8.0,8.0,0.0,0.0,0.0,,0.0,1.3
696,Aldrick_Robinson,ATL,7.0,SD,home,L 30-33,1.0,0.0,0.0,,0.0,0.0,0.0,,0.0,0.0
697,Allen_Robinson,JAC,1.0,GB,home,L 23-27,15.0,6.0,72.0,12.0,0.0,0.0,0.0,,0.0,10.2
698,Allen_Robinson,JAC,2.0,SD,away,L 14-38,5.0,3.0,54.0,18.0,0.0,0.0,0.0,,0.0,6.9
699,Allen_Robinson,JAC,3.0,BAL,home,L 17-19,11.0,7.0,57.0,8.1,2.0,0.0,0.0,,0.0,21.2
700,Allen_Robinson,JAC,4.0,IND,home,W 30-27,10.0,5.0,55.0,11.0,1.0,0.0,0.0,,0.0,14.0
701,Allen_Robinson,JAC,6.0,CHI,away,W 17-16,6.0,3.0,49.0,16.3,0.0,0.0,0.0,,0.0,6.4
702,Allen_Robinson,JAC,7.0,OAK,home,L 16-33,8.0,2.0,9.0,4.5,0.0,0.0,0.0,,0.0,1.9
703,Allen_Robinson,JAC,8.0,TEN,away,L 22-36,15.0,6.0,70.0,11.7,0.0,0.0,0.0,,0.0,10.0
705,Eli_Rogers,PIT,1.0,WAS,away,W 38-16,7.0,6.0,59.0,9.8,1.0,0.0,0.0,,0.0,14.9
706,Eli_Rogers,PIT,2.0,CIN,home,W 24-16,3.0,1.0,9.0,9.0,0.0,0.0,0.0,,0.0,1.4
707,Eli_Rogers,PIT,3.0,PHI,away,L 3-34,5.0,2.0,32.0,16.0,0.0,0.0,0.0,,0.0,4.2
708,Eli_Rogers,PIT,6.0,MIA,away,L 15-30,5.0,4.0,35.0,8.8,0.0,0.0,0.0,,0.0,5.5
710,Rashad_Ross,WAS,3.0,NYG,away,L 21-32,2.0,2.0,27.0,13.5,0.0,0.0,0.0,,0.0,3.7
711,Rashad_Ross,WAS,4.0,PHI,home,W 23-20,3.0,1.0,43.0,43.0,0.0,0.0,0.0,,0.0,4.8
712,Rashad_Ross,WAS,6.0,NYJ,away,L 20-34,3.0,1.0,16.0,16.0,0.0,0.0,0.0,,0.0,2.1
713,Rashad_Ross,WAS,14.0,CHI,away,W 24-21,2.0,2.0,27.0,13.5,0.0,0.0,0.0,,0.0,3.7
714,Rashad_Ross,WAS,17.0,DAL,away,W 34-23,3.0,2.0,71.0,35.5,1.0,0.0,0.0,,0.0,14.1
717,Eddie_Royal,CHI,1.0,HOU,away,L 14-23,6.0,4.0,57.0,14.3,1.0,0.0,0.0,,0.0,13.7
718,Eddie_Royal,CHI,2.0,PHI,home,L 14-29,6.0,4.0,52.0,13.0,0.0,0.0,0.0,,0.0,7.2
719,Eddie_Royal,CHI,3.0,DAL,away,L 17-31,3.0,3.0,21.0,7.0,0.0,0.0,0.0,,0.0,3.6
720,Eddie_Royal,CHI,4.0,DET,home,W 17-14,7.0,7.0,111.0,15.9,1.0,0.0,0.0,,0.0,20.6
721,Eddie_Royal,CHI,5.0,IND,away,L 23-29,9.0,7.0,43.0,6.1,0.0,0.0,0.0,,0.0,7.8
722,Eddie_Royal,CHI,6.0,JAC,home,L 16-17,6.0,4.0,54.0,13.5,0.0,0.0,0.0,,0.0,7.4
724,Emmanuel_Sanders,DEN,1.0,CAR,home,W 21-20,8.0,5.0,49.0,9.8,0.0,0.0,0.0,,0.0,7.4
725,Emmanuel_Sanders,DEN,2.0,IND,home,W 34-20,8.0,3.0,39.0,13.0,0.0,0.0,0.0,,0.0,5.4
726,Emmanuel_Sanders,DEN,3.0,CIN,away,W 29-17,13.0,9.0,117.0,13.0,2.0,0.0,0.0,,0.0,28.2
727,Emmanuel_Sanders,DEN,4.0,TB,away,W 27-7,13.0,8.0,88.0,11.0,1.0,0.0,0.0,,0.0,18.8
728,Emmanuel_Sanders,DEN,5.0,ATL,home,L 16-23,9.0,7.0,80.0,11.4,0.0,0.0,0.0,,0.0,11.5
729,Emmanuel_Sanders,DEN,6.0,SD,away,L 13-21,6.0,4.0,40.0,10.0,0.0,0.0,0.0,,0.0,6.0
730,Emmanuel_Sanders,DEN,7.0,HOU,home,W 27-9,8.0,4.0,86.0,21.5,0.0,0.0,0.0,,0.0,10.6
732,Mohamed_Sanu,ATL,1.0,TB,home,L 24-31,8.0,5.0,80.0,16.0,1.0,0.0,0.0,,0.0,16.5
733,Mohamed_Sanu,ATL,2.0,OAK,away,W 35-28,5.0,3.0,19.0,6.3,0.0,0.0,0.0,,0.0,3.4
734,Mohamed_Sanu,ATL,3.0,NO,away,W 45-32,4.0,3.0,31.0,10.3,0.0,0.0,0.0,,0.0,4.6
735,Mohamed_Sanu,ATL,4.0,CAR,home,W 48-33,3.0,2.0,22.0,11.0,0.0,0.0,0.0,,0.0,3.2
736,Mohamed_Sanu,ATL,5.0,DEN,away,W 23-16,6.0,3.0,43.0,14.3,0.0,0.0,0.0,,0.0,3.8
737,Mohamed_Sanu,ATL,6.0,SEA,away,L 24-26,10.0,5.0,47.0,9.4,1.0,0.0,0.0,,0.0,13.2
738,Mohamed_Sanu,ATL,7.0,SD,home,L 30-33,4.0,2.0,16.0,8.0,0.0,0.0,0.0,,0.0,2.6
740,Tajae_Sharpe,TEN,1.0,MIN,home,L 16-25,11.0,7.0,76.0,10.9,0.0,0.0,0.0,,0.0,11.1
741,Tajae_Sharpe,TEN,2.0,DET,away,W 16-15,7.0,4.0,33.0,8.3,0.0,0.0,0.0,,0.0,5.3
742,Tajae_Sharpe,TEN,3.0,OAK,home,L 10-17,7.0,3.0,48.0,16.0,0.0,0.0,0.0,,0.0,6.3
743,Tajae_Sharpe,TEN,4.0,HOU,away,L 20-27,7.0,2.0,15.0,7.5,0.0,0.0,0.0,,0.0,2.5
744,Tajae_Sharpe,TEN,5.0,MIA,away,W 30-17,4.0,2.0,17.0,8.5,0.0,0.0,0.0,,0.0,2.7
745,Tajae_Sharpe,TEN,6.0,CLE,home,W 28-26,3.0,0.0,0.0,,0.0,1.0,1.0,1.0,0.0,0.1
746,Tajae_Sharpe,TEN,7.0,IND,home,L 26-34,6.0,4.0,59.0,14.8,0.0,0.0,0.0,,0.0,7.9
747,Tajae_Sharpe,TEN,8.0,JAC,home,W 36-22,1.0,1.0,11.0,11.0,0.0,0.0,0.0,,0.0,1.6
748,Russell_Shepard,TB,1.0,ATL,away,W 31-24,0.0,0.0,0.0,,0.0,1.0,9.0,9.0,0.0,0.9
749,Russell_Shepard,TB,2.0,ARI,away,L 7-40,2.0,2.0,16.0,8.0,0.0,0.0,0.0,,0.0,2.6
750,Russell_Shepard,TB,3.0,LAR,home,L 32-37,2.0,1.0,6.0,6.0,0.0,0.0,0.0,,0.0,1.1
751,Russell_Shepard,TB,7.0,SF,away,W 34-17,6.0,5.0,77.0,15.4,1.0,0.0,0.0,,0.0,16.2
752,Sterling_Shepard,NYG,1.0,DAL,away,W 20-19,4.0,3.0,43.0,14.3,1.0,0.0,0.0,,0.0,11.8
753,Sterling_Shepard,NYG,2.0,NO,home,W 16-13,8.0,8.0,117.0,14.6,0.0,0.0,0.0,,0.0,15.7
754,Sterling_Shepard,NYG,3.0,WAS,home,L 27-29,7.0,5.0,73.0,14.6,1.0,0.0,0.0,,0.0,15.8
755,Sterling_Shepard,NYG,4.0,MIN,away,L 10-24,7.0,4.0,30.0,7.5,0.0,0.0,0.0,,0.0,5.0
756,Sterling_Shepard,NYG,5.0,GB,away,L 16-23,7.0,2.0,14.0,7.0,0.0,0.0,0.0,,0.0,2.4
757,Sterling_Shepard,NYG,6.0,BAL,home,W 27-23,8.0,4.0,25.0,6.3,0.0,0.0,0.0,,0.0,4.5
758,Sterling_Shepard,NYG,7.0,LAR,away,W 17-10,7.0,5.0,32.0,6.4,0.0,0.0,0.0,,0.0,5.7
760,Matt_Slater,NE,5.0,DAL,away,W 30-6,1.0,0.0,0.0,,0.0,0.0,0.0,,0.0,0.0
762,Steve_Smith,BAL,1.0,BUF,home,W 13-7,9.0,5.0,19.0,3.8,0.0,0.0,0.0,,0.0,4.4
763,Steve_Smith,BAL,2.0,CLE,away,W 25-20,6.0,3.0,64.0,21.3,0.0,0.0,0.0,,0.0,7.9
764,Steve_Smith,BAL,3.0,JAC,away,W 19-17,11.0,8.0,87.0,10.9,0.0,0.0,0.0,,0.0,12.7
765,Steve_Smith,BAL,4.0,OAK,home,L 27-28,11.0,8.0,111.0,13.9,1.0,0.0,0.0,,0.0,21.1
766,Steve_Smith,BAL,5.0,WAS,home,L 10-16,3.0,3.0,29.0,9.7,0.0,0.0,0.0,,0.0,4.4
768,Torrey_Smith,SF,1.0,LAR,home,W 28-0,6.0,2.0,13.0,6.5,0.0,0.0,0.0,,0.0,2.3
769,Torrey_Smith,SF,2.0,CAR,away,L 27-46,10.0,3.0,55.0,18.3,1.0,0.0,0.0,,0.0,13.0
770,Torrey_Smith,SF,3.0,SEA,away,L 18-37,4.0,3.0,35.0,11.7,0.0,0.0,0.0,,0.0,5.0
771,Torrey_Smith,SF,4.0,DAL,home,L 17-24,2.0,1.0,3.0,3.0,0.0,0.0,0.0,,0.0,0.8
772,Torrey_Smith,SF,5.0,ARI,home,L 21-33,1.0,0.0,0.0,,0.0,0.0,0.0,,0.0,0.0
773,Torrey_Smith,SF,6.0,BUF,away,L 16-45,7.0,3.0,76.0,25.3,1.0,0.0,0.0,,0.0,15.1
774,Torrey_Smith,SF,7.0,TB,home,L 17-34,2.0,1.0,17.0,17.0,0.0,0.0,0.0,,0.0,2.2
776,Willie_Snead,NO,1.0,OAK,home,L 34-35,9.0,9.0,172.0,19.1,1.0,0.0,0.0,,0.0,27.7
777,Willie_Snead,NO,2.0,NYG,away,L 13-16,8.0,5.0,54.0,10.8,1.0,0.0,0.0,,0.0,13.9
778,Willie_Snead,NO,4.0,SD,away,W 35-34,1.0,1.0,23.0,23.0,0.0,0.0,0.0,,0.0,2.8
779,Willie_Snead,NO,6.0,CAR,home,W 41-38,7.0,4.0,47.0,11.8,0.0,0.0,0.0,,0.0,6.7
780,Willie_Snead,NO,7.0,KC,away,L 21-27,11.0,9.0,87.0,9.7,0.0,0.0,0.0,,0.0,13.2
782,Kenny_Stills,MIA,1.0,SEA,away,L 10-12,5.0,1.0,16.0,16.0,0.0,0.0,0.0,,0.0,2.1
783,Kenny_Stills,MIA,2.0,NE,away,L 24-31,4.0,2.0,39.0,19.5,1.0,0.0,0.0,,0.0,10.9
784,Kenny_Stills,MIA,3.0,CLE,home,W 30-24,8.0,5.0,76.0,15.2,0.0,0.0,0.0,,0.0,10.1
785,Kenny_Stills,MIA,4.0,CIN,away,L 7-22,3.0,1.0,74.0,74.0,1.0,0.0,0.0,,0.0,13.9
786,Kenny_Stills,MIA,5.0,TEN,home,L 17-30,1.0,0.0,0.0,,0.0,0.0,0.0,,0.0,0.0
787,Kenny_Stills,MIA,6.0,PIT,home,W 30-15,3.0,2.0,12.0,6.0,0.0,0.0,0.0,,0.0,2.2
788,Kenny_Stills,MIA,7.0,BUF,home,W 28-25,8.0,5.0,100.0,20.0,1.0,0.0,0.0,,0.0,18.5
789,Rod_Streater,SF,2.0,CAR,away,L 27-46,2.0,1.0,13.0,13.0,0.0,0.0,0.0,,0.0,1.8
790,Rod_Streater,SF,3.0,SEA,away,L 18-37,1.0,1.0,19.0,19.0,0.0,0.0,0.0,,0.0,2.4
791,Rod_Streater,SF,5.0,ARI,home,L 21-33,1.0,0.0,0.0,,0.0,0.0,0.0,,0.0,0.0
792,Rod_Streater,SF,6.0,BUF,away,L 16-45,1.0,1.0,16.0,16.0,0.0,0.0,0.0,,0.0,2.1
793,Rod_Streater,SF,7.0,TB,home,L 17-34,1.0,0.0,0.0,,0.0,0.0,0.0,,0.0,0.0
795,Jaelen_Strong,HOU,2.0,KC,home,W 19-12,1.0,0.0,0.0,,0.0,0.0,0.0,,0.0,0.0
796,Jaelen_Strong,HOU,3.0,NE,away,L 0-27,4.0,1.0,15.0,15.0,0.0,0.0,0.0,,0.0,2.0
797,Jaelen_Strong,HOU,4.0,TEN,home,W 27-20,6.0,5.0,31.0,6.2,0.0,0.0,0.0,,0.0,5.6
798,Jaelen_Strong,HOU,5.0,MIN,away,L 13-31,9.0,5.0,39.0,7.8,0.0,0.0,0.0,,0.0,6.4
799,Jaelen_Strong,HOU,6.0,IND,home,W 26-23,2.0,1.0,36.0,36.0,0.0,0.0,0.0,,0.0,4.1
800,Jaelen_Strong,HOU,7.0,DEN,away,L 9-27,2.0,2.0,10.0,5.0,0.0,0.0,0.0,,0.0,2.0
802,Golden_Tate,DET,1.0,IND,away,W 39-35,7.0,7.0,41.0,5.9,0.0,1.0,2.0,2.0,0.0,7.8
803,Golden_Tate,DET,2.0,TEN,home,L 15-16,9.0,2.0,13.0,6.5,0.0,0.0,0.0,,0.0,2.3
804,Golden_Tate,DET,3.0,GB,away,L 27-34,6.0,4.0,40.0,10.0,0.0,1.0,-8.0,-8.0,0.0,5.2
805,Golden_Tate,DET,4.0,CHI,away,L 14-17,4.0,1.0,1.0,1.0,0.0,0.0,0.0,,0.0,0.6
806,Golden_Tate,DET,5.0,PHI,home,W 24-23,5.0,3.0,39.0,13.0,0.0,3.0,6.0,2.0,0.0,6.0
807,Golden_Tate,DET,6.0,LAR,home,W 31-28,10.0,8.0,165.0,20.6,1.0,1.0,3.0,3.0,0.0,26.8
808,Golden_Tate,DET,7.0,WAS,home,W 20-17,12.0,6.0,93.0,15.5,0.0,0.0,0.0,,0.0,12.3
810,Demaryius_Thomas,DEN,1.0,CAR,home,W 21-20,6.0,4.0,48.0,12.0,0.0,0.0,0.0,,0.0,6.8
811,Demaryius_Thomas,DEN,2.0,IND,home,W 34-20,7.0,5.0,90.0,18.0,0.0,0.0,0.0,,0.0,11.5
812,Demaryius_Thomas,DEN,3.0,CIN,away,W 29-17,7.0,6.0,100.0,16.7,1.0,0.0,0.0,,0.0,17.0
813,Demaryius_Thomas,DEN,4.0,TB,away,W 27-7,7.0,6.0,94.0,15.7,1.0,0.0,0.0,,0.0,18.4
814,Demaryius_Thomas,DEN,5.0,ATL,home,L 16-23,7.0,5.0,49.0,9.8,1.0,0.0,0.0,,0.0,13.4
815,Demaryius_Thomas,DEN,6.0,SD,away,L 13-21,10.0,5.0,35.0,7.0,0.0,0.0,0.0,,0.0,4.0
816,Demaryius_Thomas,DEN,7.0,HOU,home,W 27-9,10.0,6.0,40.0,6.7,1.0,0.0,0.0,,0.0,13.0
818,Michael_Thomas,NO,1.0,OAK,home,L 34-35,6.0,6.0,58.0,9.7,0.0,0.0,0.0,,0.0,8.8
819,Michael_Thomas,NO,2.0,NYG,away,L 13-16,5.0,4.0,56.0,14.0,0.0,0.0,0.0,,0.0,7.6
820,Michael_Thomas,NO,3.0,ATL,home,L 32-45,11.0,7.0,71.0,10.1,1.0,0.0,0.0,,0.0,16.6
821,Michael_Thomas,NO,4.0,SD,away,W 35-34,9.0,4.0,44.0,11.0,1.0,0.0,0.0,,0.0,12.4
822,Michael_Thomas,NO,6.0,CAR,home,W 41-38,5.0,5.0,78.0,15.6,1.0,0.0,0.0,,0.0,16.3
823,Michael_Thomas,NO,7.0,KC,away,L 21-27,13.0,10.0,130.0,13.0,0.0,0.0,0.0,,0.0,18.0
824,Mike_Thomas,LAR,3.0,TB,away,W 37-32,1.0,0.0,0.0,,0.0,0.0,0.0,,0.0,0.0
825,Mike_Thomas,LAR,7.0,NYG,home,L 10-17,1.0,0.0,0.0,,0.0,0.0,0.0,,0.0,0.0
827,Deonte_Thompson,CHI,14.0,WAS,home,L 21-24,1.0,1.0,36.0,36.0,0.0,0.0,0.0,,0.0,4.1
828,Deonte_Thompson,CHI,17.0,DET,home,L 20-24,2.0,1.0,45.0,45.0,0.0,0.0,0.0,,0.0,5.0
830,Mike_Wallace,BAL,1.0,BUF,home,W 13-7,6.0,3.0,91.0,30.3,1.0,1.0,11.0,11.0,0.0,17.7
831,Mike_Wallace,BAL,2.0,CLE,away,W 25-20,6.0,4.0,41.0,10.3,2.0,0.0,0.0,,0.0,18.1
832,Mike_Wallace,BAL,3.0,JAC,away,W 19-17,6.0,3.0,34.0,11.3,0.0,1.0,5.0,5.0,0.0,5.4
833,Mike_Wallace,BAL,4.0,OAK,home,L 27-28,10.0,4.0,44.0,11.0,0.0,1.0,3.0,3.0,0.0,6.7
834,Mike_Wallace,BAL,5.0,WAS,home,L 10-16,11.0,7.0,63.0,9.0,0.0,0.0,0.0,,0.0,9.8
835,Mike_Wallace,BAL,6.0,NYG,away,L 23-27,9.0,4.0,97.0,24.3,0.0,0.0,0.0,,0.0,11.7
836,Mike_Wallace,BAL,7.0,NYJ,away,L 16-24,13.0,10.0,120.0,12.0,0.0,0.0,0.0,,0.0,17.0
837,Bryan_Walters,JAC,4.0,IND,home,W 30-27,1.0,0.0,0.0,,0.0,0.0,0.0,,0.0,0.0
838,Bryan_Walters,JAC,8.0,TEN,away,L 22-36,2.0,2.0,14.0,7.0,1.0,0.0,0.0,,0.0,8.4
840,Sammy_Watkins,BUF,1.0,BAL,away,L 7-13,6.0,4.0,43.0,10.8,0.0,0.0,0.0,,0.0,6.3
841,Sammy_Watkins,BUF,2.0,NYJ,home,L 31-37,5.0,2.0,20.0,10.0,0.0,0.0,0.0,,0.0,3.0
843,Griff_Whalen,SD,4.0,JAC,home,W 16-13,1.0,1.0,16.0,16.0,0.0,0.0,0.0,,0.0,2.1
844,Griff_Whalen,SD,6.0,NE,home,L 27-34,3.0,2.0,30.0,15.0,1.0,0.0,0.0,,0.0,10.0
845,Griff_Whalen,SD,7.0,NO,home,L 21-27,0.0,0.0,0.0,,0.0,0.0,0.0,,0.0,-2.0
846,Griff_Whalen,SD,8.0,CAR,away,L 26-29,5.0,5.0,48.0,9.6,0.0,0.0,0.0,,0.0,7.3
847,Griff_Whalen,SD,9.0,DEN,home,W 27-24,6.0,5.0,73.0,14.6,0.0,0.0,0.0,,0.0,9.8
848,Griff_Whalen,SD,11.0,ATL,away,W 24-21,3.0,2.0,20.0,10.0,0.0,0.0,0.0,,0.0,3.0
849,Griff_Whalen,SD,13.0,PIT,away,L 10-45,6.0,2.0,9.0,4.5,0.0,0.0,0.0,,0.0,1.9
850,Griff_Whalen,SD,15.0,HOU,home,L 10-16,2.0,2.0,9.0,4.5,0.0,0.0,0.0,,0.0,-0.1
852,Markus_Wheaton,PIT,3.0,PHI,away,L 3-34,5.0,1.0,2.0,2.0,0.0,0.0,0.0,,0.0,0.7
853,Markus_Wheaton,PIT,4.0,KC,home,W 43-14,1.0,1.0,30.0,30.0,1.0,0.0,0.0,,0.0,9.5
854,Markus_Wheaton,PIT,5.0,NYJ,home,W 31-13,3.0,2.0,19.0,9.5,0.0,0.0,0.0,,0.0,2.9
856,Kevin_White,CHI,1.0,HOU,away,L 14-23,7.0,3.0,34.0,11.3,0.0,0.0,0.0,,0.0,4.9
857,Kevin_White,CHI,2.0,PHI,home,L 14-29,6.0,4.0,36.0,9.0,0.0,1.0,9.0,9.0,0.0,6.5
858,Kevin_White,CHI,3.0,DAL,away,L 17-31,14.0,6.0,62.0,10.3,0.0,0.0,0.0,,0.0,9.2
859,Kevin_White,CHI,4.0,DET,home,W 17-14,9.0,6.0,55.0,9.2,0.0,0.0,0.0,,0.0,8.5
861,Lucky_Whitehead,DAL,5.0,NE,home,L 6-30,2.0,1.0,-3.0,-3.0,0.0,0.0,0.0,,0.0,0.2
862,Lucky_Whitehead,DAL,7.0,NYG,away,L 20-27,0.0,0.0,0.0,,0.0,4.0,35.0,8.8,0.0,3.5
863,Lucky_Whitehead,DAL,8.0,SEA,home,L 12-13,0.0,0.0,0.0,,0.0,1.0,2.0,2.0,0.0,0.2
864,Lucky_Whitehead,DAL,9.0,PHI,home,L 27-33,2.0,1.0,8.0,8.0,0.0,0.0,0.0,,0.0,1.3
865,Lucky_Whitehead,DAL,10.0,TB,away,L 6-10,1.0,1.0,0.0,0.0,0.0,0.0,0.0,,0.0,0.5
866,Lucky_Whitehead,DAL,12.0,CAR,home,L 14-33,1.0,1.0,4.0,4.0,0.0,0.0,0.0,,0.0,0.9
867,Lucky_Whitehead,DAL,13.0,WAS,away,W 19-16,1.0,1.0,5.0,5.0,0.0,2.0,35.0,17.5,0.0,4.5
868,Lucky_Whitehead,DAL,14.0,GB,away,L 7-28,1.0,1.0,2.0,2.0,0.0,1.0,3.0,3.0,0.0,1.0
869,Lucky_Whitehead,DAL,15.0,NYJ,home,L 16-19,0.0,0.0,0.0,,0.0,2.0,32.0,16.0,0.0,3.2
871,Terrance_Williams,DAL,1.0,NYG,home,L 19-20,4.0,3.0,34.0,11.3,0.0,0.0,0.0,,0.0,4.9
872,Terrance_Williams,DAL,3.0,CHI,home,W 31-17,4.0,4.0,88.0,22.0,0.0,0.0,0.0,,0.0,8.8
873,Terrance_Williams,DAL,4.0,SF,away,W 24-17,6.0,4.0,44.0,11.0,1.0,0.0,0.0,,0.0,12.4
874,Terrance_Williams,DAL,5.0,CIN,home,W 28-14,5.0,5.0,70.0,14.0,0.0,0.0,0.0,,0.0,9.5
875,Terrance_Williams,DAL,6.0,GB,away,W 30-16,5.0,4.0,75.0,18.8,0.0,0.0,0.0,,0.0,9.5
876,Albert_Wilson,KC,1.0,SD,home,W 33-27,5.0,3.0,1.0,0.3,0.0,0.0,0.0,,0.0,1.6
877,Albert_Wilson,KC,2.0,HOU,away,L 12-19,3.0,2.0,11.0,5.5,0.0,0.0,0.0,,0.0,2.1
878,Albert_Wilson,KC,4.0,PIT,away,L 14-43,8.0,5.0,52.0,10.4,0.0,0.0,0.0,,0.0,7.7
879,Albert_Wilson,KC,6.0,OAK,away,W 26-10,1.0,1.0,26.0,26.0,0.0,0.0,0.0,,0.0,3.1
880,Albert_Wilson,KC,7.0,NO,home,W 27-21,1.0,1.0,4.0,4.0,0.0,0.0,0.0,,0.0,0.9
882,Robert_Woods,BUF,1.0,BAL,away,L 7-13,5.0,4.0,20.0,5.0,0.0,0.0,0.0,,0.0,4.0
883,Robert_Woods,BUF,2.0,NYJ,home,L 31-37,2.0,1.0,10.0,10.0,0.0,0.0,0.0,,0.0,1.5
884,Robert_Woods,BUF,3.0,ARI,home,W 33-18,8.0,6.0,51.0,8.5,0.0,0.0,0.0,,0.0,8.1
885,Robert_Woods,BUF,4.0,NE,away,W 16-0,10.0,7.0,89.0,12.7,0.0,0.0,0.0,,0.0,12.4
886,Robert_Woods,BUF,5.0,LAR,away,W 30-19,6.0,2.0,26.0,13.0,0.0,0.0,0.0,,0.0,3.6
887,Robert_Woods,BUF,6.0,SF,home,W 45-16,6.0,5.0,44.0,8.8,1.0,1.0,6.0,6.0,0.0,13.5
889,Jarius_Wright,MIN,5.0,HOU,home,W 31-13,4.0,4.0,32.0,8.0,0.0,0.0,0.0,,0.0,5.2
890,Kendall_Wright,TEN,4.0,HOU,away,L 20-27,3.0,2.0,14.0,7.0,0.0,0.0,0.0,,0.0,2.4
891,Kendall_Wright,TEN,5.0,MIA,away,W 30-17,1.0,1.0,9.0,9.0,0.0,0.0,0.0,,0.0,1.4
892,Kendall_Wright,TEN,6.0,CLE,home,W 28-26,9.0,8.0,133.0,16.6,1.0,0.0,0.0,,0.0,23.3
893,Kendall_Wright,TEN,7.0,IND,home,L 26-34,4.0,2.0,12.0,6.0,0.0,0.0,0.0,,0.0,2.2
894,Kendall_Wright,TEN,8.0,JAC,home,W 36-22,5.0,4.0,84.0,21.0,1.0,1.0,15.0,15.0,0.0,17.9
